data;horario;n_da_ocorrencia;tipo_de_ocorrencia;km;trecho;sentido;tipo_de_acidente;automovel;bicicleta;caminhao;moto;onibus;outros;tracao_animal;transporte_de_cargas_especiais;trator_maquinas;utilitarios;ilesos;levemente_feridos;moderadamente_feridos;gravemente_feridos;mortos
"21/05/2022";"12:48:00";"3";"Acidente s";"319";"BR-101/SC";"Sul";"Atropelamento de Animal";2;0;0;0;0;0;0;0;0;1;5;0;0;0;0
"21/05/2022";"02:32:00";"9";"Acidente s";"331";"BR-101/SC";"Norte";"Saída de pista";1;0;0;0;0;0;0;0;0;0;1;0;0;0;0
"21/05/2022";"08:43:00";"42";"Acidente s";"298";"BR-101/SC";"Norte";"Colisão - Traseira";1;0;0;0;0;0;0;1;0;0;5;0;0;0;0
"21/05/2022";"09:45:00";"47";"Acidente c";"334";"BR-101/SC";"Norte";"Colisão - Frontal";1;0;0;1;0;0;0;0;0;0;1;1;0;0;0
"21/05/2022";"10:54:00";"52";"Acidente s";"361";"BR-101/SC";"Sul";"Choque Barreira";1;0;0;0;0;0;0;0;0;0;2;0;0;0;0
"21/05/2022";"01:21:00";"60";"Acidente c";"435";"BR-101/SC";"Sul";"Colisão - Lateral";1;0;0;1;0;0;0;0;0;0;2;1;0;0;0
"21/05/2022";"07:39:00";"91";"Acidente s";"312";"BR-101/SC";"Sul";"Saída de pista";1;0;0;0;0;0;0;0;0;0;4;0;0;0;0
"21/05/2022";"09:42:00";"109";"Acidente s";"282";"BR-101/SC";"Norte";"Saída de pista";1;0;0;0;0;0;0;0;0;0;2;0;0;0;0
"22/05/2022";"06:42:00";"22";"Acidente s";"347";"BR-101/SC";"Sul";"Saída de pista";1;0;0;0;0;0;0;0;0;0;1;0;0;0;0
"22/05/2022";"06:02:00";"46";"Acidente s";"428";"BR-101/SC";"Norte";"Colisão - Traseira";2;0;0;0;0;0;0;0;0;0;3;0;0;0;0
"22/05/2022";"06:20:00";"49";"Acidente s";"345";"BR-101/SC";"Norte";"Saída de pista";1;0;0;0;0;0;0;0;0;0;2;0;0;0;0
"23/05/2022";"12:08:00";"2";"Acidente s";"351";"BR-101/SC";"Sul";"Saída de pista";1;0;0;0;0;0;0;0;0;0;2;0;0;0;0
"23/05/2022";"02:50:00";"12";"Acidente s";"259";"BR-101/SC";"Norte";"Saída de pista";1;0;0;0;0;0;0;0;0;0;1;0;0;0;0
"23/05/2022";"08:27:00";"40";"Acidente s";"329.6";"BR-101/SC";"Norte";"Tombamento";2;0;0;0;0;0;0;0;0;0;2;0;0;0;0
"23/05/2022";"09:01:00";"112";"Acidente s";"305";"BR-101/SC";"Norte";"Saída de pista";1;0;0;0;0;0;0;0;0;0;1;0;0;0;0
"23/05/2022";"10:07:00";"118";"Acidente s";"463";"BR-101/SC";"Norte";"Saída de pista";1;0;0;0;0;0;0;0;0;0;1;0;0;0;0
"24/05/2022";"12:42:00";"84";"Acidente s";"298";"BR-101/SC";"Sul";"Colisão - Traseira";2;0;0;0;0;0;0;0;0;0;2;0;0;0;0
"24/05/2022";"02:12:00";"90";"Acidente c";"310";"BR-101/SC";"Norte";"Queda de moto";0;0;0;1;0;0;0;0;0;0;1;0;1;0;0
"24/05/2022";"10:33:00";"136";"Atropelame";"425";"BR-101/SC";"Norte";"Atropelamento - Usuário";1;0;0;0;0;0;0;0;0;0;2;0;1;0;0
"24/05/2022";"11:07:00";"142";"Acidente c";"360";"BR-101/SC";"Sul";"Colisão - Traseira";2;0;0;0;0;0;0;0;0;0;0;2;0;0;0
"25/05/2022";"08:25:00";"42";"Acidente s";"310";"BR-101/SC";"Norte";"Colisão - Lateral";1;0;0;0;0;0;0;0;0;1;7;0;0;0;0
"25/05/2022";"11:14:00";"60";"Acidente s";"398";"BR-101/SC";"Sul";"Colisão - Traseira";0;0;0;0;0;0;0;2;0;0;2;0;0;0;0
"25/05/2022";"06:20:00";"101";"Acidente c";"426";"BR-101/SC";"Norte";"Queda de moto";0;0;0;1;0;0;0;0;0;0;0;1;0;0;0
"25/05/2022";"06:25:00";"102";"Atropelame";"309";"BR-101/SC";"Norte";"Atropelamento - Morador/Trabalhador/Estudante";1;0;0;1;0;0;0;0;0;0;2;0;0;0;0
"25/05/2022";"06:31:00";"104";"Acidente c";"434";"BR-101/SC";"Norte";"Colisão - Lateral";1;0;0;1;0;0;0;0;0;0;1;1;0;0;0
"25/05/2022";"08:06:00";"116";"Acidente s";"273";"BR-101/SC";"Sul";"Choque Barreira";1;0;0;0;0;0;0;1;0;0;3;0;0;0;0
"25/05/2022";"08:10:00";"117";"Acidente c";"254";"BR-101/SC";"Sul";"Colisão - Lateral";1;0;0;1;0;0;0;0;0;0;1;1;0;0;0
"25/05/2022";"11:45:00";"132";"Acidente s";"362";"BR-101/SC";"Sul";"Colisão - Lateral";1;0;0;0;0;0;0;1;0;0;2;0;0;0;0
"26/05/2022";"01:57:00";"6";"Acidente s";"362";"BR-101/SC";"Sul";"Colisão - Traseira";0;0;0;0;0;0;0;0;0;2;2;0;0;0;0
"26/05/2022";"03:09:00";"9";"Acidente s";"274";"BR-101/SC";"Norte";"Atropelamento de Animal";0;0;0;0;0;0;0;1;0;0;1;0;0;0;0
"26/05/2022";"09:04:00";"64";"Acidente s";"348";"BR-101/SC";"Sul";"Colisão - Traseira";2;0;0;0;0;0;0;0;0;0;5;0;0;0;0
"26/05/2022";"11:17:00";"83";"Acidente c";"427";"BR-101/SC";"Sul";"Queda de moto";0;0;0;1;0;0;0;0;0;0;0;1;0;0;0
"26/05/2022";"12:56:00";"88";"Atropelame";"420";"BR-101/SC";"Norte";"Atropelamento - Morador/Trabalhador/Estudante";1;0;0;0;0;0;0;0;0;0;1;0;1;0;0
"26/05/2022";"03:55:00";"101";"Acidente s";"404";"BR-101/SC";"Norte";"Choque Praça - Cabine";0;0;0;0;0;0;0;0;0;1;1;0;0;0;0
"26/05/2022";"06:34:00";"109";"Acidente c";"419.5";"BR-101/SC";"Norte";"Colisão - Lateral";0;0;0;2;0;0;0;0;0;0;0;2;1;0;0
"26/05/2022";"07:12:00";"114";"Atropelame";"253";"BR-101/SC";"Norte";"Atropelamento - Andarilho";0;0;1;0;0;0;0;0;0;0;1;0;0;0;1
"27/05/2022";"06:16:00";"13";"Acidente c";"353";"BR-101/SC";"Sul";"Colisão - Traseira";0;0;0;0;0;0;0;1;0;1;1;0;1;0;0
"27/05/2022";"06:07:00";"87";"Acidente c";"390";"BR-101/SC";"Norte";"Colisão - Lateral";3;0;1;0;0;0;0;0;0;1;4;0;1;0;0
"27/05/2022";"06:08:00";"89";"Acidente s";"337";"BR-101/SC";"Sul";"Colisão - Lateral";2;0;0;0;0;0;0;0;0;0;3;0;0;0;0
"28/05/2022";"12:53:00";"8";"Acidente s";"414";"BR-101/SC";"Sul";"Capotamento";1;0;0;0;0;0;0;0;0;0;1;0;0;0;0
"28/05/2022";"02:42:00";"15";"Acidente s";"305";"BR-101/SC";"Norte";"Colisão - Traseira";0;0;0;0;0;0;0;0;0;2;2;0;0;0;0
"28/05/2022";"10:59:00";"57";"Acidente c";"279";"BR-101/SC";"Sul";"Colisão - Traseira";3;0;0;0;0;0;0;0;0;0;6;1;0;0;0
"29/05/2022";"01:44:00";"30";"Acidente c";"327";"BR-101/SC";"Norte";"Choque Barreira";1;0;0;0;0;0;0;0;0;0;0;1;0;0;0
"29/05/2022";"06:16:00";"37";"Atropelame";"290";"BR-101/SC";"Norte";"Atropelamento - Andarilho";1;0;0;0;0;0;0;0;0;0;3;0;1;0;0
"29/05/2022";"06:24:00";"38";"Acidente s";"327";"BR-101/SC";"Norte";"Colisão - Lateral";1;0;0;0;0;0;0;1;0;0;3;0;0;0;0
"29/05/2022";"07:58:00";"47";"Acidente s";"308";"BR-101/SC";"Norte";"Saída de pista";1;0;0;0;0;0;0;0;0;0;1;0;0;0;0
"29/05/2022";"08:31:00";"52";"Acidente s";"359";"BR-101/SC";"Sul";"Colisão - Frontal";2;0;0;0;0;0;0;0;0;0;4;0;0;0;0
"30/05/2022";"12:53:00";"4";"Acidente s";"352";"BR-101/SC";"Norte";"Saída de pista";1;0;0;0;0;0;0;0;0;0;1;0;0;0;0
"30/05/2022";"01:53:00";"5";"Acidente s";"384";"BR-101/SC";"Sul";"Saída de pista";1;0;0;0;0;0;0;0;0;0;1;0;0;0;0
"30/05/2022";"05:39:00";"11";"Acidente c";"367";"BR-101/SC";"Sul";"Colisão - Traseira";1;0;0;0;0;0;0;0;0;1;2;0;0;1;0
"30/05/2022";"08:17:00";"45";"Acidente s";"403";"BR-101/SC";"Norte";"Saída de pista";1;0;0;0;0;0;0;0;0;0;1;0;0;0;0
"30/05/2022";"10:31:00";"61";"Acidente s";"294";"BR-101/SC";"Norte";"Queda de moto";0;0;0;1;0;0;0;0;0;0;2;0;0;0;0
"30/05/2022";"01:35:00";"83";"Acidente s";"417";"BR-101/SC";"Norte";"Colisão - Lateral";1;0;0;1;0;0;0;0;0;0;3;0;0;0;0
"30/05/2022";"06:45:00";"108";"Acidente c";"273";"BR-101/SC";"Norte";"Queda de moto";0;0;0;1;0;0;0;0;0;0;0;1;0;0;0
"31/05/2022";"08:11:00";"118";"Acidente s";"329";"BR-101/SC";"Norte";"Queda de Carga";0;0;0;0;0;0;0;1;0;0;1;0;0;0;0
"31/05/2022";"09:32:00";"123";"Acidente c";"382";"BR-101/SC";"Norte";"Saída de pista";1;0;0;0;0;0;0;0;0;0;1;2;0;0;0
"01/06/2022";"12:24:00";"87";"Acidente c";"341";"BR-101/SC";"Sul";"Saída de pista";1;0;0;0;0;0;0;0;0;0;0;1;0;0;0
"01/06/2022";"07:59:00";"120";"Acidente s";"394.9";"BR-101/SC";"Sul";"Choque Defensa";1;0;0;0;0;0;0;0;0;0;1;0;0;0;0
"01/06/2022";"10:45:00";"131";"Acidente s";"416";"BR-101/SC";"Norte";"Colisão - Lateral";1;0;0;1;0;0;0;0;0;0;2;0;0;0;0
"02/06/2022";"05:36:00";"8";"Acidente c";"368";"BR-101/SC";"Norte";"Choque Barreira";0;0;0;0;0;0;0;0;0;1;1;1;0;0;0
"02/06/2022";"07:22:00";"17";"Acidente s";"389";"BR-101/SC";"Norte";"Saída de pista";1;0;0;0;0;0;0;0;0;0;1;0;0;0;0
"02/06/2022";"11:04:00";"49";"Acidente c";"282";"BR-101/SC";"Sul";"Colisão - Lateral";2;0;0;0;0;0;0;0;0;0;1;1;0;0;0
"02/06/2022";"01:11:00";"63";"Acidente s";"353.8";"BR-101/SC";"Norte";"Colisão - Traseira";2;0;0;0;0;0;0;0;0;0;2;0;0;0;0
"02/06/2022";"01:40:00";"64";"Acidente s";"278";"BR-101/SC";"Norte";"Colisão - Transversal";1;0;0;0;0;0;0;1;0;0;3;0;0;0;0
"03/06/2022";"05:45:00";"120";"Acidente s";"313";"BR-101/SC";"Sul";"Capotamento";1;0;0;0;0;0;0;1;0;0;2;0;0;0;0
"03/06/2022";"06:40:00";"125";"Acidente c";"326.5";"BR-101/SC";"Sul";"Colisão - Frontal";2;0;0;0;0;0;0;0;0;0;1;1;0;0;0
"04/06/2022";"12:15:00";"1";"Acidente s";"402";"BR-101/SC";"Sul";"Saída de pista";1;0;0;0;0;0;0;0;0;0;2;0;0;0;0
"04/06/2022";"07:09:00";"22";"Acidente s";"268";"BR-101/SC";"Sul";"Saída de pista";1;0;0;0;0;0;0;0;0;0;2;0;0;0;0
"04/06/2022";"12:27:00";"53";"Acidente c";"368";"BR-101/SC";"Norte";"Capotamento";1;0;0;0;0;0;0;0;0;0;0;1;0;0;0
"04/06/2022";"01:14:00";"55";"Acidente c";"417";"BR-101/SC";"Norte";"Colisão - Transversal";0;0;0;2;0;0;0;0;0;0;1;1;0;0;0
"05/06/2022";"04:12:00";"10";"Acidente s";"334";"BR-101/SC";"Sul";"Colisão - Lateral";1;0;0;0;0;0;0;0;0;1;17;0;0;0;0
"05/06/2022";"06:07:00";"14";"Atropelame";"304";"BR-101/SC";"Sul";"Atropelamento - Andarilho";1;0;0;0;0;0;0;0;0;0;1;0;0;0;1
"05/06/2022";"06:36:00";"16";"Acidente s";"464";"BR-101/SC";"Norte";"Saída de pista";1;0;0;0;0;0;0;0;0;0;3;0;0;0;0
"05/06/2022";"07:36:00";"20";"Acidente c";"352";"BR-101/SC";"Norte";"Saída de pista";1;0;0;0;0;0;0;0;0;0;2;1;0;1;0
"05/06/2022";"01:41:00";"49";"Acidente s";"250";"BR-101/SC";"Sul";"Saída de pista";1;0;0;0;0;0;0;0;0;0;2;0;0;0;0
"05/06/2022";"06:11:00";"72";"Acidente c";"334";"BR-101/SC";"Norte";"Colisão - Traseira";1;0;0;0;0;0;0;0;0;1;1;1;0;0;0
"05/06/2022";"09:00:00";"88";"Acidente c";"323";"BR-101/SC";"Norte";"Queda de Ponte/Viaduto";1;0;0;0;0;0;0;0;0;0;0;2;0;0;0
"05/06/2022";"10:33:00";"95";"Acidente s";"371";"BR-101/SC";"Sul";"Saída de pista";1;0;0;0;0;0;0;0;0;0;3;0;0;0;0
"05/06/2022";"11:19:00";"100";"Acidente s";"367";"BR-101/SC";"Norte";"Saída de pista";1;0;0;0;0;0;0;0;0;0;1;0;0;0;0
"06/06/2022";"07:07:00";"16";"Acidente s";"339";"BR-101/SC";"Sul";"Saída de pista";1;0;0;0;0;0;0;0;0;0;1;0;0;0;0
"06/06/2022";"08:25:00";"35";"Acidente s";"258";"BR-101/SC";"Norte";"Capotamento";1;0;0;0;0;0;0;0;0;0;1;0;0;0;0
"06/06/2022";"09:31:00";"42";"Acidente c";"268";"BR-101/SC";"Sul";"Capotamento";1;0;0;0;0;0;0;0;0;0;0;0;0;1;0
"07/06/2022";"09:48:00";"51";"Acidente s";"463";"BR-101/SC";"Norte";"Colisão - Traseira";2;0;0;0;0;0;0;0;0;0;3;0;0;0;0
"07/06/2022";"11:41:00";"65";"Acidente s";"334";"BR-101/SC";"Sul";"Colisão - Lateral";1;0;0;1;0;0;0;0;0;0;2;0;0;0;0
"07/06/2022";"11:50:00";"66";"Acidente s";"385";"BR-101/SC";"Sul";"Saída de pista";1;0;0;0;0;0;0;0;0;0;1;0;0;0;0
"07/06/2022";"04:51:00";"84";"Acidente s";"327";"BR-101/SC";"Norte";"Choque Barreira";1;0;0;0;0;0;0;0;0;0;2;0;0;0;0
"07/06/2022";"05:36:00";"89";"Acidente s";"356";"BR-101/SC";"Norte";"Engavetamento";2;0;0;0;0;0;0;0;0;1;3;0;0;0;0
"07/06/2022";"07:24:00";"98";"Acidente s";"335";"BR-101/SC";"Norte";"Colisão - Frontal";2;0;0;0;0;0;0;0;0;0;3;0;0;0;0
"08/06/2022";"07:07:00";"20";"Acidente s";"256";"BR-101/SC";"Norte";"Choque Defensa";1;0;0;0;0;0;0;0;0;0;1;0;0;0;0
"08/06/2022";"10:36:00";"52";"Acidente c";"332";"BR-101/SC";"Sul";"Colisão - Traseira";0;0;0;1;0;0;0;0;0;1;1;0;1;0;0
"08/06/2022";"07:30:00";"102";"Acidente s";"322";"BR-101/SC";"Sul";"Colisão - Lateral";1;0;0;0;0;0;0;1;0;0;3;0;0;0;0
"08/06/2022";"08:20:00";"110";"Acidente s";"368";"BR-101/SC";"Sul";"Saída de pista";1;0;0;0;0;0;0;0;0;0;3;0;0;0;0
"09/06/2022";"03:53:00";"19";"Atropelame";"264";"BR-101/SC";"Norte";"Atropelamento - Andarilho";0;0;1;0;0;0;0;0;0;0;1;0;0;0;1
"09/06/2022";"02:35:00";"109";"Acidente c";"373";"BR-101/SC";"Sul";"Saída de pista";1;0;0;0;0;0;0;0;0;0;0;1;0;0;0
"10/06/2022";"03:48:00";"8";"Acidente c";"338.6";"BR-101/SC";"Norte";"Capotamento";1;0;0;0;0;0;0;0;0;0;0;1;0;0;0
"10/06/2022";"08:50:00";"50";"Acidente s";"413";"BR-101/SC";"Norte";"Saída de pista";1;0;0;0;0;0;0;0;0;0;1;0;0;0;0
"10/06/2022";"01:35:00";"83";"Acidente s";"391";"BR-101/SC";"Norte";"Colisão - Traseira";3;0;0;0;0;0;0;0;0;0;7;0;0;0;0
"10/06/2022";"11:44:00";"137";"Acidente s";"343";"BR-101/SC";"Sul";"Saída de pista";1;0;0;0;0;0;0;0;0;0;2;0;0;0;0
"11/06/2022";"12:18:00";"2";"Acidente c";"342";"BR-101/SC";"Norte";"Choque - Meio Fio";0;0;0;1;0;0;0;0;0;0;0;0;1;0;0
"11/06/2022";"02:18:00";"10";"Acidente s";"321";"BR-101/SC";"Norte";"Saída de pista";1;0;0;0;0;0;0;0;0;0;1;0;0;0;0
"11/06/2022";"02:40:00";"11";"Acidente s";"398";"BR-101/SC";"Norte";"Saída de pista";1;0;0;0;0;0;0;0;0;0;1;0;0;0;0
"11/06/2022";"11:02:00";"54";"Acidente s";"336";"BR-101/SC";"Norte";"Colisão - Traseira";3;0;0;0;0;0;0;0;0;0;7;0;0;0;0
"11/06/2022";"11:22:00";"58";"Acidente s";"317";"BR-101/SC";"Sul";"Colisão - Lateral";2;0;0;0;0;0;0;0;0;0;3;0;0;0;0
"11/06/2022";"01:03:00";"67";"Acidente c";"363";"BR-101/SC";"Norte";"Capotamento";2;0;0;0;0;0;0;0;0;0;9;1;0;1;0
"11/06/2022";"06:45:00";"92";"Acidente c";"330";"BR-101/SC";"Sul";"Queda de moto";0;0;0;1;0;0;0;0;0;0;1;1;0;0;0
"11/06/2022";"08:52:00";"102";"Acidente s";"383";"BR-101/SC";"Norte";"Saída de pista";1;0;0;0;0;0;0;0;0;0;1;0;0;0;0
"11/06/2022";"10:09:00";"109";"Acidente s";"300";"BR-101/SC";"Norte";"Saída de pista";1;0;0;0;0;0;0;0;0;0;2;0;0;0;0
"12/06/2022";"04:52:00";"5";"Acidente s";"367";"BR-101/SC";"Norte";"Saída de pista";1;0;0;0;0;0;0;0;0;0;1;0;0;0;0
"12/06/2022";"08:50:00";"29";"Acidente s";"435";"BR-101/SC";"Sul";"Colisão - Traseira";2;0;0;0;0;0;0;0;0;0;4;0;0;0;0
"12/06/2022";"07:08:00";"98";"Acidente s";"342";"BR-101/SC";"Sul";"Colisão - Traseira";2;0;0;0;0;0;0;0;0;0;3;0;0;0;0
"12/06/2022";"07:27:00";"104";"Acidente s";"371";"BR-101/SC";"Ambos";"Saída de pista";1;0;0;0;0;0;0;0;0;0;1;0;0;0;0
"12/06/2022";"07:30:00";"105";"Acidente c";"345";"BR-101/SC";"Norte";"Capotamento";1;0;0;0;0;0;0;0;0;0;0;2;0;1;0
"12/06/2022";"07:56:00";"106";"Acidente c";"463";"BR-101/SC";"Sul";"Queda de moto";0;0;0;1;0;0;0;0;0;0;0;0;2;0;0
"12/06/2022";"08:21:00";"110";"Acidente s";"250";"BR-101/SC";"Sul";"Saída de pista";1;0;0;0;0;0;0;0;0;0;5;0;0;0;0
"12/06/2022";"11:39:00";"121";"Acidente s";"347";"BR-101/SC";"Norte";"Saída de pista";1;0;0;0;0;0;0;0;0;0;3;0;0;0;0
"13/06/2022";"12:09:00";"2";"Acidente s";"400";"BR-101/SC";"Sul";"Colisão - Traseira";2;0;0;0;0;0;0;0;0;0;4;0;0;0;0
"13/06/2022";"06:43:00";"22";"Acidente c";"375";"BR-101/SC";"Norte";"Choque Defensa";1;0;0;0;0;0;0;0;0;0;1;1;0;0;0
"13/06/2022";"02:03:00";"97";"Acidente c";"413";"BR-101/SC";"Norte";"Colisão - Lateral";2;0;0;0;0;0;0;0;0;0;1;1;0;0;0
"13/06/2022";"03:00:00";"103";"Acidente c";"444";"BR-101/SC";"Norte";"Queda de moto";0;0;0;1;0;0;0;0;0;0;0;0;0;1;0
"13/06/2022";"05:49:00";"112";"Acidente c";"404";"BR-101/SC";"Sul";"Queda de moto";0;0;0;1;0;0;0;0;0;0;0;0;1;0;0
"13/06/2022";"06:00:00";"115";"Acidente s";"353";"BR-101/SC";"Norte";"Capotamento";1;0;0;0;0;0;0;0;0;0;2;0;0;0;0
"14/06/2022";"01:12:00";"2";"Acidente s";"364.2";"BR-101/SC";"Norte";"Saída de pista";1;0;0;0;0;0;0;0;0;0;1;0;0;0;0
"14/06/2022";"05:55:00";"75";"Acidente c";"277";"BR-101/SC";"Sul";"Atropelamento de Animal";0;0;0;1;0;0;0;0;0;0;0;1;0;0;0
"14/06/2022";"06:41:00";"71";"Acidente c";"335";"BR-101/SC";"Ambos";"Colisão - Traseira";1;0;0;1;0;0;0;0;0;0;1;1;0;0;0
"14/06/2022";"10:08:00";"95";"Acidente s";"387";"BR-101/SC";"Sul";"Saída de pista";1;0;0;0;0;0;0;0;0;0;1;0;0;0;0
"14/06/2022";"10:57:00";"97";"Acidente s";"435";"BR-101/SC";"Sul";"Saída de pista";1;0;0;0;0;0;0;0;0;0;4;0;0;0;0
"15/06/2022";"07:40:00";"40";"Acidente s";"297";"BR-101/SC";"Sul";"Capotamento";1;0;0;0;0;0;0;0;0;0;2;0;0;0;0
"15/06/2022";"06:12:00";"105";"Acidente s";"270";"BR-101/SC";"Norte";"Saída de pista";1;0;0;0;0;0;0;0;0;0;3;0;0;0;0
"15/06/2022";"09:02:00";"124";"Acidente s";"406";"BR-101/SC";"Norte";"Capotamento";2;0;0;0;0;0;0;0;0;0;3;0;0;0;0
"17/06/2022";"03:03:00";"10";"Acidente s";"268";"BR-101/SC";"Sul";"Saída de pista";0;0;1;0;0;0;0;0;0;0;1;0;0;0;0
"17/06/2022";"09:11:00";"58";"Acidente s";"415";"BR-101/SC";"Norte";"Saída de pista";0;0;0;0;0;0;0;0;0;1;2;0;0;0;0
"17/06/2022";"10:10:00";"69";"Acidente s";"435";"BR-101/SC";"Norte";"Colisão - Transversal";1;0;0;0;0;0;0;0;0;1;2;0;0;0;0
"17/06/2022";"07:49:00";"119";"Acidente s";"344";"BR-101/SC";"Sul";"Saída de pista";1;0;0;0;0;0;0;0;0;0;1;0;0;0;0
"17/06/2022";"09:14:00";"128";"Acidente s";"385";"BR-101/SC";"Norte";"Saída de pista";1;0;0;0;0;0;0;0;0;0;4;0;0;0;0
"18/06/2022";"04:23:00";"7";"Acidente c";"332";"BR-101/SC";"Norte";"Colisão - Frontal";2;0;0;0;0;0;0;0;0;0;1;1;0;0;0
"18/06/2022";"06:54:00";"20";"Acidente s";"272.9";"BR-101/SC";"Norte";"Choque - Poste";1;0;0;0;0;0;0;0;0;0;2;0;0;0;0
"18/06/2022";"08:20:00";"37";"Acidente s";"368";"BR-101/SC";"Sul";"Colisão - Traseira";2;0;0;0;0;0;0;0;0;0;4;0;0;0;0
"18/06/2022";"03:18:00";"76";"Acidente s";"351";"BR-101/SC";"Sul";"Saída de pista";1;0;0;0;0;0;0;0;0;0;1;0;0;0;0
"18/06/2022";"05:50:00";"87";"Acidente s";"378";"BR-101/SC";"Norte";"Colisão - Traseira";3;0;0;0;0;0;0;0;0;0;6;0;0;0;0
"18/06/2022";"06:40:00";"92";"Acidente s";"405";"BR-101/SC";"Norte";"Saída de pista";1;0;0;0;0;0;0;0;0;0;1;0;0;0;0
"18/06/2022";"08:27:00";"105";"Acidente s";"404";"BR-101/SC";"Norte";"Saída de pista";1;0;0;0;0;0;0;0;0;0;1;0;0;0;0
"18/06/2022";"10:56:00";"109";"Acidente s";"388";"BR-101/SC";"Norte";"Colisão - Traseira";2;0;0;0;0;0;0;0;0;0;5;0;0;0;0
"19/06/2022";"01:17:00";"8";"Acidente c";"415";"BR-101/SC";"Sul";"Queda de moto";0;0;0;1;0;0;0;0;0;0;0;0;1;0;0
"19/06/2022";"02:36:00";"10";"Acidente s";"399";"BR-101/SC";"Norte";"Saída de pista";1;0;0;0;0;0;0;0;0;0;2;0;0;0;0
"19/06/2022";"05:55:00";"18";"Acidente s";"356";"BR-101/SC";"Norte";"Saída de pista";1;0;0;0;0;0;0;0;0;0;1;0;0;0;0
"19/06/2022";"02:30:00";"61";"Acidente s";"457";"BR-101/SC";"Sul";"Colisão - Traseira";2;0;0;0;0;0;0;0;0;0;8;0;0;0;0
"19/06/2022";"08:31:00";"94";"Acidente s";"332";"BR-101/SC";"Norte";"Atropelamento de Animal";2;0;0;1;0;0;0;0;0;0;5;0;0;0;0
"20/06/2022";"05:27:00";"87";"Acidente c";"348";"BR-101/SC";"Sul";"Capotamento";1;0;0;0;0;0;0;0;0;0;0;1;0;0;0
"20/06/2022";"05:32:00";"88";"Acidente s";"336";"BR-101/SC";"Norte";"Choque Barreira";1;0;0;0;0;0;0;0;0;0;1;0;0;0;0
"20/06/2022";"06:24:00";"91";"Acidente s";"460";"BR-101/SC";"Norte";"Colisão - Traseira";0;0;0;0;0;0;0;1;0;0;2;0;0;0;0
"21/06/2022";"11:24:00";"81";"Acidente s";"307";"BR-101/SC";"Sul";"Choque Barreira";1;0;0;0;0;0;0;0;0;0;1;0;0;0;0
"21/06/2022";"12:02:00";"85";"Acidente s";"344";"BR-101/SC";"Norte";"Colisão - Traseira";0;0;0;0;0;0;0;1;0;0;3;0;0;0;0
"21/06/2022";"06:30:00";"117";"Acidente s";"436";"BR-101/SC";"Sul";"Colisão - Lateral";1;0;0;1;0;0;0;0;0;0;2;0;0;0;0
"21/06/2022";"06:42:00";"119";"Acidente c";"319";"BR-101/SC";"Sul";"Colisão - Lateral";1;0;0;1;0;0;0;0;0;0;2;1;0;0;0
"21/06/2022";"06:51:00";"121";"Acidente s";"422";"BR-101/SC";"Sul";"Colisão - Transversal";2;0;0;0;0;0;0;0;0;0;3;0;0;0;0
"21/06/2022";"09:46:00";"132";"Acidente s";"404";"BR-101/SC";"Norte";"Colisão - Traseira";0;0;0;0;0;0;0;1;0;1;2;0;0;0;0
"22/06/2022";"01:40:00";"5";"Acidente s";"329";"BR-101/SC";"Norte";"Saída de pista";1;0;0;0;0;0;0;0;0;0;1;0;0;0;0
"22/06/2022";"01:52:00";"7";"Acidente s";"457";"BR-101/SC";"Sul";"Choque Praça - Cabine";0;0;1;0;0;0;0;0;0;0;1;0;0;0;0
"22/06/2022";"05:49:00";"17";"Acidente s";"372.8";"BR-101/SC";"Norte";"Saída de pista";0;0;0;0;0;0;0;0;0;1;1;0;0;0;0
"22/06/2022";"08:25:00";"45";"Acidente c";"327.5";"BR-101/SC";"Ambos";"Colisão - Lateral";1;0;0;1;0;0;0;0;0;0;1;1;0;0;0
"22/06/2022";"02:32:00";"84";"Acidente s";"257";"BR-101/SC";"Norte";"Saída de pista";1;0;0;0;0;0;0;0;0;0;1;0;0;0;0
"22/06/2022";"03:56:00";"91";"Acidente s";"255";"BR-101/SC";"Sul";"Saída de pista";1;0;0;0;0;0;0;0;0;0;1;0;0;0;0
"22/06/2022";"05:56:00";"96";"Acidente s";"429";"BR-101/SC";"Sul";"Colisão - Lateral";1;0;0;1;0;0;0;0;0;0;2;0;0;0;0
"22/06/2022";"07:34:00";"107";"Acidente s";"311";"BR-101/SC";"Sul";"Colisão - Lateral";2;0;0;0;0;0;0;0;0;0;4;0;0;0;0
"22/06/2022";"08:16:00";"110";"Atropelame";"377";"BR-101/SC";"Sul";"Atropelamento - Usuário";1;0;0;0;0;0;0;0;0;0;2;0;0;0;0
"23/06/2022";"12:39:00";"3";"Acidente s";"303";"BR-101/SC";"Norte";"Saída de pista";0;0;0;0;0;0;0;1;0;0;1;0;0;0;0
"23/06/2022";"07:12:00";"23";"Acidente s";"298";"BR-101/SC";"Sul";"Queda de moto";0;0;0;1;0;0;0;0;0;0;2;0;0;0;0
"23/06/2022";"07:18:00";"24";"Acidente c";"329";"BR-101/SC";"Norte";"Choque Barreira";1;0;0;0;0;0;0;1;0;0;1;1;0;0;0