data;horario;n_da_ocorrencia;tipo_de_ocorrencia;km;trecho;sentido;tipo_de_acidente;automovel;bicicleta;caminhao;moto;onibus;outros;tracao_animal;transporte_de_cargas_especiais;trator_maquinas;utilitarios;ilesos;levemente_feridos;moderadamente_feridos;gravemente_feridos;mortos
"26/07/2022";"05:15:00";"114";"Acidente s";"321";"BR-101/SC";"Sul";"Colisão - Traseira";1;1;0;0;0;0;0;0;0;0;3;0;0;0;0
"26/07/2022";"07:07:00";"127";"Acidente c";"307";"BR-101/SC";"Norte";"Atropelamento - Usuário";0;0;0;0;0;0;0;0;2;0;2;1;0;0;0
"27/07/2022";"03:40:00";"7";"Acidente s";"384";"BR-101/SC";"Sul";"Choque Defensa";1;0;0;0;0;0;0;0;0;0;1;0;0;0;0
"27/07/2022";"09:39:00";"76";"Acidente c";"282";"BR-101/SC";"Sul";"Saída de pista";1;0;0;0;0;0;0;0;0;0;0;1;0;0;0
"27/07/2022";"10:33:00";"90";"Acidente s";"344";"BR-101/SC";"Sul";"Colisão - Traseira";1;1;0;0;0;0;0;0;0;0;5;0;0;0;0
"27/07/2022";"11:25:00";"98";"Acidente s";"380";"BR-101/SC";"Norte";"Colisão - Lateral";1;0;1;0;0;0;0;0;0;0;3;0;0;0;0
"27/07/2022";"01:43:00";"112";"Acidente c";"326";"BR-101/SC";"Norte";"Choque Barreira";1;0;0;0;0;0;0;0;0;0;0;1;0;0;0
"27/07/2022";"05:26:00";"131";"Acidente s";"343";"BR-101/SC";"Norte";"Colisão - Traseira";1;0;1;0;0;0;0;0;0;0;2;0;0;0;0
"27/07/2022";"06:43:00";"138";"Acidente s";"305";"BR-101/SC";"Sul";"Colisão - Lateral";2;0;0;0;0;0;0;0;0;0;3;0;0;0;0
"28/07/2022";"06:36:00";"22";"Acidente s";"405";"BR-101/SC";"Norte";"Choque com objeto sobre a pista";2;0;1;0;0;0;0;0;0;0;5;0;0;0;0
"28/07/2022";"02:52:00";"91";"Acidente s";"328";"BR-101/SC";"Sul";"Queda de moto";0;0;0;0;0;0;0;0;1;0;1;0;0;0;0
"28/07/2022";"04:37:00";"102";"Acidente s";"303";"BR-101/SC";"Norte";"Choque Defensa";1;0;0;0;0;0;0;0;0;0;4;0;0;0;0
"28/07/2022";"06:27:00";"112";"Acidente s";"383";"BR-101/SC";"Sul";"Colisão - Lateral";0;0;0;0;0;0;0;0;2;0;2;0;0;0;0
"28/07/2022";"06:49:00";"114";"Acidente c";"265";"BR-101/SC";"Sul";"Colisão - Lateral";1;0;0;0;0;0;0;0;1;0;2;0;1;0;0
"28/07/2022";"07:15:00";"120";"Acidente s";"298";"BR-101/SC";"Norte";"Colisão - Traseira";1;0;1;0;0;0;0;0;0;0;2;0;0;0;0
"28/07/2022";"10:58:00";"138";"Acidente s";"279";"BR-101/SC";"Norte";"Choque Barreira";1;0;0;0;0;0;0;0;0;0;1;0;0;0;0
"29/07/2022";"12:00:00";"88";"Acidente s";"327";"BR-101/SC";"Norte";"Saída de pista";1;0;0;0;0;0;0;0;0;0;1;0;0;0;0
"29/07/2022";"01:05:00";"99";"Acidente c";"354.6";"BR-101/SC";"Norte";"Colisão - Lateral";2;0;0;0;0;0;0;0;0;0;2;3;0;0;1
"29/07/2022";"03:03:00";"113";"Acidente s";"330";"BR-101/SC";"Sul";"Saída de pista";1;0;0;0;0;0;0;0;0;0;1;0;0;0;0
"29/07/2022";"08:20:00";"143";"Acidente c";"317";"BR-101/SC";"Sul";"Colisão - Traseira";1;0;0;0;0;0;0;0;1;0;1;0;1;0;0
"30/07/2022";"04:24:00";"6";"Acidente s";"399";"BR-101/SC";"Sul";"Choque Barreira";1;0;0;0;0;0;0;0;0;0;1;0;0;0;0
"30/07/2022";"04:41:00";"88";"Acidente s";"404";"BR-101/SC";"Norte";"Colisão - Lateral";1;0;1;0;0;0;0;0;0;0;2;0;0;0;0
"30/07/2022";"07:54:00";"111";"Acidente s";"251";"BR-101/SC";"Norte";"Saída de pista";0;1;0;0;0;0;0;0;0;0;1;0;0;0;0
"30/07/2022";"10:09:00";"115";"Atropelame";"431";"BR-101/SC";"Sul";"Atropelamento - Suicida";2;0;1;0;0;0;0;0;0;0;4;0;0;0;2
"30/07/2022";"11:59:00";"123";"Acidente s";"449";"BR-101/SC";"Sul";"Saída de pista";1;0;0;0;0;0;0;0;0;0;3;0;0;0;0
"31/07/2022";"05:03:00";"10";"Acidente c";"335";"BR-101/SC";"Norte";"Choque Barreira";1;0;0;0;0;0;0;0;0;0;0;1;0;0;0
"31/07/2022";"05:56:00";"11";"Acidente s";"331";"BR-101/SC";"Norte";"Choque Barreira";1;0;0;0;0;0;0;0;0;0;2;0;0;0;0
"31/07/2022";"06:20:00";"14";"Acidente s";"331";"BR-101/SC";"Norte";"Colisão - Traseira";2;0;0;0;0;0;0;0;0;0;3;0;0;0;0
"31/07/2022";"07:25:00";"23";"Acidente s";"424";"BR-101/SC";"Norte";"Saída de pista";1;0;0;0;0;0;0;0;0;0;1;0;0;0;0
"31/07/2022";"07:42:00";"25";"Acidente s";"379";"BR-101/SC";"Norte";"Saída de pista";1;0;0;0;0;0;0;0;0;0;2;0;0;0;0
"31/07/2022";"08:18:00";"34";"Acidente s";"350";"BR-101/SC";"Norte";"Saída de pista";1;0;0;0;0;0;0;0;0;0;1;0;0;0;0
"31/07/2022";"07:01:00";"96";"Acidente s";"464";"BR-101/SC";"Norte";"Saída de pista";1;0;0;0;0;0;0;0;0;0;2;0;0;0;0
"31/07/2022";"09:28:00";"109";"Acidente s";"315.6";"BR-101/SC";"Norte";"Colisão - Transversal";2;0;0;0;0;0;0;0;0;0;2;0;0;0;0
"01/08/2022";"05:30:00";"9";"Acidente s";"388";"BR-101/SC";"Sul";"Saída de pista";1;0;0;0;0;0;0;0;0;0;2;0;0;0;0
"01/08/2022";"11:20:00";"61";"Acidente s";"395";"BR-101/SC";"Norte";"Queda de moto";0;0;0;1;0;0;0;0;0;0;1;0;0;0;0
"01/08/2022";"11:43:00";"63";"Acidente c";"459";"BR-101/SC";"Sul";"Capotamento";1;0;0;0;0;0;0;0;0;0;1;2;0;0;0
"01/08/2022";"03:19:00";"88";"Acidente s";"351";"BR-101/SC";"Sul";"Colisão - Traseira";2;0;0;0;0;0;0;0;0;0;2;0;0;0;0
"01/08/2022";"03:37:00";"90";"Acidente s";"315";"BR-101/SC";"Norte";"Colisão - Traseira";0;0;0;0;0;0;0;2;0;0;2;0;0;0;0
"01/08/2022";"04:37:00";"98";"Acidente s";"317";"BR-101/SC";"Norte";"Colisão - Lateral";1;0;0;1;0;0;0;0;0;0;2;0;0;0;0
"01/08/2022";"06:31:00";"104";"Acidente s";"268";"BR-101/SC";"Norte";"Saída de pista";1;0;0;0;0;0;0;0;0;0;2;0;0;0;0
"02/08/2022";"06:51:00";"15";"Acidente c";"350";"BR-101/SC";"Norte";"Queda de moto";0;0;0;1;0;0;0;0;0;0;0;1;0;0;0
"02/08/2022";"02:25:00";"115";"Acidente s";"457";"BR-101/SC";"Sul";"Colisão - Traseira";1;0;0;0;0;0;0;0;0;1;6;0;0;0;0
"03/08/2022";"05:06:00";"12";"Acidente c";"377";"BR-101/SC";"Sul";"Saída de pista";1;0;0;0;0;0;0;0;0;0;0;1;0;0;0
"03/08/2022";"07:38:00";"122";"Acidente c";"281";"BR-101/SC";"Norte";"Queda de moto";0;0;0;1;0;0;0;0;0;0;0;2;0;0;0
"04/08/2022";"05:09:00";"7";"Acidente s";"277";"BR-101/SC";"Norte";"Saída de pista";1;0;0;0;0;0;0;0;0;0;1;0;0;0;0
"04/08/2022";"10:48:00";"81";"Acidente s";"275";"BR-101/SC";"Norte";"Colisão - Lateral";1;0;0;0;0;0;0;0;0;1;3;0;0;0;0
"04/08/2022";"03:57:00";"112";"Acidente s";"321";"BR-101/SC";"Norte";"Colisão - Lateral";0;0;0;0;0;0;0;0;0;2;2;0;0;0;0
"04/08/2022";"06:10:00";"126";"Atropelame";"343";"BR-101/SC";"Sul";"Atropelamento - Usuário";0;0;0;2;0;0;0;0;0;0;2;0;0;0;0
"05/08/2022";"06:28:00";"14";"Acidente c";"355";"BR-101/SC";"Norte";"Colisão - Traseira";1;0;0;0;0;0;0;1;0;0;1;2;2;0;0
"05/08/2022";"07:41:00";"32";"Acidente s";"425";"BR-101/SC";"Sul";"Colisão - Lateral";2;0;0;0;0;0;0;0;0;0;2;0;0;0;0
"05/08/2022";"08:13:00";"38";"Acidente s";"415";"BR-101/SC";"Norte";"Capotamento";1;0;0;0;0;0;0;0;0;0;1;0;0;0;0
"06/08/2022";"10:33:00";"56";"Acidente s";"319";"BR-101/SC";"Sul";"Colisão - Traseira";0;0;0;1;0;0;0;0;0;0;2;0;0;0;0
"06/08/2022";"02:03:00";"89";"Acidente c";"425";"BR-101/SC";"Norte";"Capotamento";1;0;0;0;0;0;0;0;0;0;2;2;0;0;0
"06/08/2022";"06:46:00";"107";"Acidente c";"378.3";"BR-101/SC";"Sul";"Colisão - Transversal";1;0;0;1;0;0;0;0;0;0;2;1;0;0;0
"07/08/2022";"01:11:00";"5";"Acidente c";"382.1";"BR-101/SC";"Sul";"Saída de pista";1;0;0;0;0;0;0;0;0;0;0;1;0;0;0
"07/08/2022";"01:12:00";"6";"Acidente s";"310";"BR-101/SC";"Norte";"Choque Defensa";1;0;0;0;0;0;0;0;0;0;3;0;0;0;0
"07/08/2022";"02:24:00";"8";"Acidente s";"425";"BR-101/SC";"Sul";"Saída de pista";1;0;0;0;0;0;0;0;0;0;1;0;0;0;0
"07/08/2022";"03:36:00";"12";"Acidente s";"334";"BR-101/SC";"Norte";"Saída de pista";1;0;0;0;0;0;0;0;0;0;4;0;0;0;0
"07/08/2022";"12:10:00";"34";"Acidente s";"435";"BR-101/SC";"Norte";"Choque - Poste";1;0;0;0;0;0;0;0;0;0;1;0;0;0;0
"07/08/2022";"03:43:00";"49";"Acidente s";"399";"BR-101/SC";"Sul";"Colisão - Transversal";2;0;0;0;0;0;0;0;0;0;3;0;0;0;0
"07/08/2022";"07:41:00";"66";"Acidente s";"341";"BR-101/SC";"Norte";"Queda de moto";0;0;0;1;0;0;0;0;0;0;1;0;0;0;0
"07/08/2022";"10:32:00";"78";"Acidente s";"349";"BR-101/SC";"Norte";"Saída de pista";1;0;0;0;0;0;0;0;0;0;2;0;0;0;0
"08/08/2022";"06:05:00";"10";"Acidente s";"401";"BR-101/SC";"Norte";"Colisão - Traseira";0;0;0;0;0;0;0;0;0;2;2;0;0;0;0
"08/08/2022";"07:04:00";"12";"Acidente s";"383";"BR-101/SC";"Sul";"Saída de pista";1;0;0;0;0;0;0;0;0;0;1;0;0;0;0
"08/08/2022";"08:45:00";"33";"Acidente c";"400";"BR-101/SC";"Sul";"Colisão - Lateral";1;0;0;0;0;0;0;0;0;1;2;1;0;0;0
"08/08/2022";"10:01:00";"46";"Acidente s";"344";"BR-101/SC";"Sul";"Colisão - Traseira";1;0;0;0;0;0;0;0;0;1;3;0;0;0;0
"08/08/2022";"11:19:00";"59";"Acidente c";"348";"BR-101/SC";"Sul";"Colisão - Lateral";1;0;0;0;0;0;0;1;0;0;2;1;0;0;0
"08/08/2022";"03:31:00";"89";"Acidente c";"262.7";"BR-101/SC";"Sul";"Capotamento";1;0;0;0;0;0;0;0;0;0;0;0;1;0;0
"08/08/2022";"06:50:00";"106";"Acidente s";"365";"BR-101/SC";"Sul";"Saída de pista";1;0;0;0;0;0;0;0;0;0;1;0;0;0;0
"09/08/2022";"02:14:00";"126";"Acidente s";"442";"BR-101/SC";"Sul";"Saída de pista";2;0;0;0;0;0;0;0;0;0;2;0;0;0;0
"09/08/2022";"05:09:00";"135";"Acidente s";"370";"BR-101/SC";"Sul";"Colisão - Traseira";0;0;1;0;0;0;0;0;0;1;3;0;0;0;0
"09/08/2022";"11:14:00";"170";"Acidente s";"298";"BR-101/SC";"Sul";"Colisão - Traseira";1;0;1;0;0;0;0;0;0;0;3;0;0;0;0
"09/08/2022";"02:00:00";"182";"Acidente s";"329";"BR-101/SC";"Sul";"Saída de pista";0;0;0;0;0;0;0;0;0;1;1;0;0;0;0
"09/08/2022";"07:02:00";"223";"Acidente s";"298";"BR-101/SC";"Norte";"Choque Defensa";0;0;0;0;0;0;0;0;0;1;1;0;0;0;0
"09/08/2022";"11:18:00";"246";"Acidente s";"368";"BR-101/SC";"Norte";"Tombamento";0;0;0;0;0;0;0;0;0;1;1;0;0;0;0
"10/08/2022";"08:17:00";"26";"Acidente s";"416";"BR-101/SC";"Norte";"Choque Barreira";1;0;0;0;0;0;0;0;0;0;2;0;0;0;0
"10/08/2022";"02:10:00";"71";"Acidente s";"383";"BR-101/SC";"Norte";"Choque Defensa";1;0;0;0;0;0;0;0;0;0;1;0;0;0;0
"10/08/2022";"05:42:00";"95";"Acidente s";"286";"BR-101/SC";"Norte";"Colisão - Traseira";1;0;0;0;0;0;0;0;0;1;2;0;0;0;0
"10/08/2022";"06:48:00";"100";"Acidente s";"382";"BR-101/SC";"Norte";"Saída de pista";1;0;0;0;0;0;0;0;0;0;2;0;0;0;0
"11/08/2022";"02:26:00";"11";"Acidente s";"432";"BR-101/SC";"Sul";"Colisão - Lateral";1;0;0;0;0;0;0;1;0;0;2;0;0;0;0
"11/08/2022";"08:36:00";"54";"Acidente s";"246";"BR-101/SC";"Sul";"Saída de pista";1;0;0;0;0;0;0;0;0;0;1;0;0;0;0
"11/08/2022";"11:11:00";"99";"Acidente s";"327";"BR-101/SC";"Sul";"Colisão - Traseira";1;0;0;0;0;0;0;0;0;1;3;0;0;0;0
"11/08/2022";"03:02:00";"128";"Acidente s";"406.1";"BR-101/SC";"Sul";"Colisão - Traseira";3;0;0;0;0;0;0;0;0;0;5;0;0;0;0
"11/08/2022";"03:18:00";"130";"Acidente s";"292";"BR-101/SC";"Norte";"Saída de pista";1;0;0;0;0;0;0;0;0;0;1;0;0;0;0
"11/08/2022";"11:15:00";"178";"Acidente s";"402";"BR-101/SC";"Norte";"Choque Defensa";1;0;0;0;0;0;0;0;0;0;4;0;0;0;0
"12/08/2022";"12:43:00";"3";"Acidente s";"335";"BR-101/SC";"Sul";"Capotamento";1;0;0;0;0;0;0;0;0;0;1;0;0;0;0
"12/08/2022";"07:10:00";"21";"Acidente s";"329";"BR-101/SC";"Norte";"Saída de pista";1;0;0;0;0;0;0;0;0;0;1;0;0;0;0
"12/08/2022";"08:15:00";"52";"Acidente s";"415";"BR-101/SC";"Sul";"Colisão - Traseira";2;0;0;0;0;0;0;0;0;0;2;0;0;0;0
"12/08/2022";"10:32:00";"82";"Acidente c";"279";"BR-101/SC";"Sul";"Colisão - Lateral";1;0;0;1;0;0;0;0;0;0;0;1;0;0;0
"12/08/2022";"12:26:00";"103";"Acidente c";"328.5";"BR-101/SC";"Sul";"Queda de moto";0;0;0;1;0;0;0;0;0;0;0;1;0;0;0
"12/08/2022";"02:03:00";"120";"Acidente c";"394.45";"BR-101/SC";"Sul";"Colisão - Traseira";1;0;0;0;0;0;0;0;0;1;2;0;1;0;0
"12/08/2022";"02:28:00";"123";"Acidente s";"245";"BR-101/SC";"Sul";"Colisão - Traseira";0;0;0;0;0;0;0;0;0;2;2;0;0;0;0
"12/08/2022";"08:04:00";"170";"Acidente s";"360";"BR-101/SC";"Sul";"Saída de pista";1;0;0;0;0;0;0;0;0;0;1;0;0;0;0
"13/08/2022";"05:14:00";"12";"Acidente c";"341";"BR-101/SC";"Norte";"Colisão - Frontal";1;0;0;0;0;0;0;0;0;0;0;0;1;0;0
"13/08/2022";"05:16:00";"13";"Acidente c";"416";"BR-101/SC";"Norte";"Capotamento";1;0;0;0;0;0;0;0;0;0;0;0;0;1;0
"13/08/2022";"09:10:00";"42";"Acidente c";"331";"BR-101/SC";"Sul";"Colisão - Lateral";1;0;0;1;0;0;0;0;0;0;1;1;0;0;0
"13/08/2022";"10:37:00";"49";"Acidente c";"404";"BR-101/SC";"Sul";"Colisão - Traseira";0;0;0;1;0;0;0;1;0;0;2;0;1;0;0
"13/08/2022";"04:34:00";"85";"Acidente c";"360";"BR-101/SC";"Sul";"Queda de moto";0;0;0;1;0;0;0;0;0;0;0;1;1;0;0
"13/08/2022";"06:28:00";"94";"Acidente s";"340";"BR-101/SC";"Sul";"Colisão - Traseira";2;0;0;0;0;0;0;0;0;0;4;0;0;0;0
"13/08/2022";"06:42:00";"95";"Acidente c";"418";"BR-101/SC";"Ambos";"Colisão - Traseira";1;0;0;1;0;0;0;0;0;0;5;0;1;0;0
"13/08/2022";"08:42:00";"107";"Acidente s";"405";"BR-101/SC";"Sul";"Colisão - Lateral";1;0;1;0;0;0;0;0;0;0;5;0;0;0;0
"14/08/2022";"05:10:00";"14";"Acidente s";"385";"BR-101/SC";"Norte";"Colisão - Lateral";1;0;1;0;0;0;0;0;0;0;4;0;0;0;0
"14/08/2022";"07:58:00";"30";"Acidente s";"318";"BR-101/SC";"Sul";"Colisão - Lateral";1;0;0;0;0;0;0;0;0;1;2;0;0;0;0
"14/08/2022";"03:17:00";"80";"Acidente s";"344";"BR-101/SC";"Sul";"Colisão - Traseira";1;0;0;0;0;0;0;0;0;1;4;0;0;0;0
"14/08/2022";"09:08:00";"131";"Acidente s";"295";"BR-101/SC";"Norte";"Atropelamento de Animal";1;0;0;0;0;0;0;0;0;0;5;0;0;0;0
"14/08/2022";"09:33:00";"135";"Acidente s";"434";"BR-101/SC";"Norte";"Colisão - Transversal";1;0;0;1;0;0;0;0;0;0;2;0;0;0;0
"15/08/2022";"09:59:00";"139";"Atropelame";"311";"BR-101/SC";"Norte";"Atropelamento - Usuário";1;0;0;1;0;0;0;0;0;0;2;0;0;0;0
"16/08/2022";"04:29:00";"7";"Acidente c";"385";"BR-101/SC";"Norte";"Colisão - Traseira";0;0;1;1;0;0;0;0;0;0;1;0;1;0;0
"16/08/2022";"11:02:00";"80";"Acidente s";"397";"BR-101/SC";"Norte";"Choque Barreira";2;0;0;0;0;0;0;0;0;0;4;0;0;0;0
"16/08/2022";"02:44:00";"110";"Acidente s";"306";"BR-101/SC";"Norte";"Saída de pista";1;0;0;0;0;0;0;0;0;0;1;0;0;0;0
"16/08/2022";"02:44:00";"111";"Acidente s";"269";"BR-101/SC";"Norte";"Saída de pista";0;0;0;0;0;0;0;0;0;1;1;0;0;0;0
"16/08/2022";"03:20:00";"119";"Acidente c";"407";"BR-101/SC";"Norte";"Saída de pista";1;0;0;0;0;0;0;0;0;0;1;0;1;0;0
"16/08/2022";"06:24:00";"138";"Acidente s";"443";"BR-101/SC";"Sul";"Saída de pista";1;0;0;0;0;0;0;0;0;0;2;0;0;0;0
"16/08/2022";"11:15:00";"168";"Acidente s";"298";"BR-101/SC";"Sul";"Choque Praça - Submarino";0;0;0;0;0;0;0;0;0;1;2;0;0;0;0
"16/08/2022";"11:21:00";"169";"Acidente s";"349";"BR-101/SC";"Norte";"Saída de pista";1;0;0;0;0;0;0;0;0;0;5;0;0;0;0
"17/08/2022";"12:44:00";"4";"Acidente s";"305";"BR-101/SC";"Norte";"Colisão - Lateral";1;0;0;0;0;0;0;0;0;0;2;0;0;0;0
"17/08/2022";"10:55:00";"86";"Acidente s";"262";"BR-101/SC";"Norte";"Choque Barreira";0;0;0;0;0;0;0;1;0;0;1;0;0;0;0
"17/08/2022";"08:25:00";"158";"Acidente s";"262";"BR-101/SC";"Ambos";"Colisão - Traseira";1;0;0;0;0;0;0;0;0;1;3;0;0;0;0
"17/08/2022";"09:05:00";"163";"Acidente s";"281";"BR-101/SC";"Norte";"Saída de pista";1;0;0;0;0;0;0;0;0;0;1;0;0;0;0
"17/08/2022";"11:08:00";"169";"Acidente s";"384";"BR-101/SC";"Sul";"Saída de pista";1;0;0;0;0;0;0;0;0;0;1;0;0;0;0
"17/08/2022";"11:33:00";"170";"Acidente s";"312";"BR-101/SC";"Sul";"Saída de pista";1;0;0;0;0;0;0;0;0;0;1;0;0;0;0
"18/08/2022";"04:10:00";"10";"Acidente s";"344";"BR-101/SC";"Sul";"Colisão - Lateral";1;0;0;0;0;0;0;1;0;0;3;0;0;0;0
"18/08/2022";"05:45:00";"13";"Acidente s";"270";"BR-101/SC";"Norte";"Saída de pista";1;0;0;0;0;0;0;0;0;0;2;0;0;0;0
"18/08/2022";"06:55:00";"15";"Acidente s";"331";"BR-101/SC";"Sul";"Saída de pista";1;0;0;0;0;0;0;0;0;0;1;0;0;0;0
"18/08/2022";"07:43:00";"27";"Acidente c";"365.5";"BR-101/SC";"Sul";"Saída de pista";1;0;0;0;0;0;0;0;0;0;0;1;0;0;0
"18/08/2022";"07:49:00";"29";"Acidente s";"246";"BR-101/SC";"Sul";"Colisão - Lateral";1;0;0;0;0;0;0;0;0;1;2;0;0;0;0
"19/08/2022";"07:36:00";"35";"Acidente s";"363";"BR-101/SC";"Sul";"Colisão - Traseira";3;0;0;0;0;0;0;0;0;0;3;0;0;0;0
"19/08/2022";"07:47:00";"37";"Acidente c";"327";"BR-101/SC";"Sul";"Colisão - Traseira";3;0;0;0;0;0;0;0;0;0;4;0;1;0;0
"19/08/2022";"12:04:00";"88";"Acidente s";"343";"BR-101/SC";"Sul";"Colisão - Traseira";2;0;0;0;0;0;0;0;0;0;2;0;0;0;0
"19/08/2022";"12:13:00";"91";"Acidente s";"349";"BR-101/SC";"Sul";"Choque Barreira";1;0;0;0;0;0;0;0;0;0;1;0;0;0;0
"19/08/2022";"04:06:00";"121";"Acidente s";"439";"BR-101/SC";"Norte";"Colisão - Traseira";2;0;0;0;0;0;0;0;0;0;4;0;0;0;0
"19/08/2022";"06:02:00";"130";"Acidente s";"272";"BR-101/SC";"Sul";"Colisão - Lateral";1;0;0;1;0;0;0;0;0;0;2;0;0;0;0
"19/08/2022";"07:19:00";"134";"Acidente s";"270";"BR-101/SC";"Norte";"Saída de pista";1;0;0;0;0;0;0;0;0;0;1;0;0;0;0
"20/08/2022";"03:59:00";"11";"Acidente c";"311";"BR-101/SC";"Sul";"Colisão - Frontal";1;0;0;1;0;0;0;0;0;0;2;0;0;0;1
"20/08/2022";"09:05:00";"45";"Acidente s";"368";"BR-101/SC";"Sul";"Saída de pista";1;0;0;0;0;0;0;0;0;0;1;0;0;0;0
"20/08/2022";"11:43:00";"67";"Acidente s";"350";"BR-101/SC";"Norte";"Colisão - Traseira";1;0;0;0;0;0;0;0;0;1;4;0;0;0;0
"20/08/2022";"06:13:00";"105";"Acidente s";"359";"BR-101/SC";"Norte";"Saída de pista";1;0;0;0;0;0;0;0;0;0;1;0;0;0;0
"20/08/2022";"09:46:00";"120";"Acidente s";"360";"BR-101/SC";"Sul";"Saída de pista";1;0;0;0;0;0;0;0;0;0;4;0;0;0;0
"21/08/2022";"01:04:00";"1";"Acidente c";"329";"BR-101/SC";"Sul";"Saída de pista";1;0;0;0;0;0;0;0;0;0;0;1;0;0;0
"21/08/2022";"07:12:00";"18";"Acidente s";"407";"BR-101/SC";"Sul";"Saída de pista";1;0;0;0;0;0;0;0;0;0;3;0;0;0;0
"21/08/2022";"07:12:00";"19";"Acidente s";"361";"BR-101/SC";"Sul";"Choque Barreira";1;0;0;0;0;0;0;0;0;0;5;0;0;0;0
"21/08/2022";"09:52:00";"48";"Acidente c";"376";"BR-101/SC";"Norte";"Queda de moto";1;0;0;0;0;0;0;0;0;0;0;0;2;0;0
"21/08/2022";"10:19:00";"50";"Acidente s";"349.7";"BR-101/SC";"Sul";"Colisão - Lateral";1;0;0;0;0;0;0;1;0;0;6;0;0;0;0
"21/08/2022";"11:54:00";"62";"Acidente c";"441";"BR-101/SC";"Sul";"Colisão - Traseira";1;0;0;1;0;0;0;0;0;0;2;1;0;0;0
"21/08/2022";"01:47:00";"67";"Acidente s";"355";"BR-101/SC";"Sul";"Colisão - Traseira";3;0;0;0;0;0;0;0;0;0;5;0;0;0;0
"21/08/2022";"03:54:00";"86";"Acidente s";"251";"BR-101/SC";"Norte";"Colisão - Traseira";2;0;0;0;0;0;0;0;0;0;6;0;0;0;0
"21/08/2022";"04:17:00";"87";"Acidente c";"307";"BR-101/SC";"Sul";"Capotamento";1;0;0;0;0;0;0;0;0;0;0;0;2;0;0
"21/08/2022";"06:36:00";"100";"Acidente s";"416";"BR-101/SC";"Norte";"Colisão - Frontal";1;0;0;1;0;0;0;0;0;0;3;0;0;0;0
"22/08/2022";"05:48:00";"142";"Acidente s";"271";"BR-101/SC";"Norte";"Choque com objeto sobre a pista";0;0;0;1;0;0;0;0;0;0;2;0;0;0;0
"23/08/2022";"04:15:00";"10";"Acidente s";"404";"BR-101/SC";"Sul";"Colisão - Lateral";1;0;1;0;0;0;0;0;0;0;2;0;0;0;0
"23/08/2022";"06:30:00";"16";"Acidente s";"329";"BR-101/SC";"Norte";"Saída de pista";1;0;0;0;0;0;0;0;0;0;1;0;0;0;0
"23/08/2022";"12:06:00";"97";"Acidente s";"330";"BR-101/SC";"Sul";"Colisão - Lateral";1;0;0;0;0;0;0;0;0;1;3;0;0;0;0
"23/08/2022";"04:00:00";"130";"Acidente s";"277";"BR-101/SC";"Sul";"Queda de moto";0;0;0;1;0;0;0;0;0;0;1;0;0;0;0
"23/08/2022";"04:28:00";"134";"Acidente s";"311";"BR-101/SC";"Norte";"Colisão - Traseira";1;0;0;0;0;0;0;0;0;1;3;0;0;0;0
"23/08/2022";"05:45:00";"136";"Acidente s";"350";"BR-101/SC";"Norte";"Tombamento";0;0;0;0;0;0;0;1;0;0;1;0;0;0;0
"24/08/2022";"12:55:00";"107";"Acidente s";"397";"BR-101/SC";"Sul";"Choque com objeto sobre a pista";1;0;0;0;0;0;0;0;0;0;2;0;0;0;0
"24/08/2022";"07:14:00";"156";"Acidente s";"350";"BR-101/SC";"Sul";"Colisão - Traseira";3;0;0;0;0;0;0;0;0;0;4;0;0;0;0
"25/08/2022";"01:07:00";"5";"Acidente c";"365";"BR-101/SC";"Sul";"Colisão - Traseira";1;0;0;1;0;0;0;0;0;0;1;0;1;1;0
"25/08/2022";"02:34:00";"11";"Acidente s";"329";"BR-101/SC";"Norte";"Saída de pista";0;0;0;0;0;0;0;1;0;0;1;0;0;0;0
"25/08/2022";"07:41:00";"33";"Acidente c";"283";"BR-101/SC";"Sul";"Colisão - Lateral";0;0;0;0;0;0;0;1;0;2;3;0;1;0;0
"25/08/2022";"07:58:00";"38";"Acidente s";"328";"BR-101/SC";"Sul";"Colisão - Traseira";0;0;0;0;0;0;0;1;0;1;2;0;0;0;0
"25/08/2022";"08:51:00";"56";"Acidente c";"329.22";"BR-101/SC";"Norte";"Colisão - Lateral";0;0;0;1;0;0;0;0;0;1;1;1;0;0;0
"25/08/2022";"01:30:00";"106";"Acidente c";"273";"BR-101/SC";"Norte";"Colisão - Traseira";0;0;0;1;0;0;0;1;0;0;1;0;0;1;0
"25/08/2022";"03:53:00";"119";"Acidente s";"318";"BR-101/SC";"Sul";"Saída de pista";0;0;0;0;0;0;0;0;0;1;1;0;0;0;0
"25/08/2022";"08:05:00";"143";"Acidente c";"344";"BR-101/SC";"Norte";"Saída de pista";1;0;0;0;0;0;0;0;0;0;3;1;0;0;0
"26/08/2022";"01:00:00";"2";"Acidente s";"358";"BR-101/SC";"Sul";"Colisão - Traseira";0;0;1;0;0;0;0;1;0;0;2;0;0;0;0
"26/08/2022";"07:16:00";"29";"Acidente c";"426";"BR-101/SC";"Sul";"Colisão - Frontal";1;0;0;1;0;0;0;0;0;0;1;0;1;0;0
"26/08/2022";"07:17:00";"30";"Atropelame";"251";"BR-101/SC";"Norte";"Atropelamento - Funcionário";1;0;0;0;1;0;0;0;0;0;1;0;0;2;0