data;horario;n_da_ocorrencia;tipo_de_ocorrencia;km;trecho;sentido;tipo_de_acidente;automovel;bicicleta;caminhao;moto;onibus;outros;tracao_animal;transporte_de_cargas_especiais;trator_maquinas;utilitarios;ilesos;levemente_feridos;moderadamente_feridos;gravemente_feridos;mortos
"26/09/2022";"05:13:00";"107";"Acidente s";"288";"BR-101/SC";"Sul";"Colisão - Traseira";2;0;0;0;0;0;0;0;0;0;3;0;0;0;0
"26/09/2022";"09:41:00";"130";"Acidente s";"364.7";"BR-101/SC";"Sul";"Saída de pista";0;0;0;0;0;0;0;0;0;1;1;0;0;0;0
"26/09/2022";"10:54:00";"136";"Acidente s";"417";"BR-101/SC";"Sul";"Colisão - Lateral";2;0;0;0;0;0;0;1;0;1;4;0;0;0;0
"27/09/2022";"11:57:00";"82";"Acidente s";"335";"BR-101/SC";"Sul";"Colisão - Lateral";2;0;0;0;0;0;0;0;0;0;2;0;0;0;0
"27/09/2022";"02:46:00";"104";"Acidente s";"344";"BR-101/SC";"Norte";"Colisão - Traseira";2;0;0;0;0;0;0;0;0;0;3;0;0;0;0
"27/09/2022";"10:33:00";"140";"Acidente s";"298";"BR-101/SC";"Sul";"Choque Praça - Cabine";0;0;0;0;0;0;0;0;0;1;3;0;0;0;0
"27/09/2022";"11:15:00";"141";"Acidente c";"275";"BR-101/SC";"Sul";"Capotamento";1;0;0;0;0;0;0;0;0;0;0;0;0;1;0
"28/09/2022";"07:54:00";"40";"Acidente s";"330";"BR-101/SC";"Sul";"Saída de pista";1;0;0;0;0;0;0;0;0;0;1;0;0;0;0
"28/09/2022";"08:55:00";"133";"Acidente s";"388";"BR-101/SC";"Norte";"Saída de pista";1;0;0;0;0;0;0;0;0;0;1;0;0;0;0
"28/09/2022";"09:06:00";"134";"Acidente s";"395";"BR-101/SC";"Ambos";"Colisão - Traseira";1;0;0;0;0;0;0;0;0;1;2;0;0;0;0
"28/09/2022";"11:27:00";"144";"Acidente s";"256.8";"BR-101/SC";"Sul";"Saída de pista";0;0;0;0;0;0;0;1;0;0;1;0;0;0;0
"29/09/2022";"12:40:00";"94";"Acidente s";"385";"BR-101/SC";"Norte";"Saída de pista";1;0;0;0;0;0;0;0;0;0;1;0;0;0;0
"29/09/2022";"01:20:00";"99";"Acidente s";"339";"BR-101/SC";"Norte";"Saída de pista";1;0;0;0;0;0;0;0;0;0;2;0;0;0;0
"29/09/2022";"02:29:00";"110";"Acidente s";"282";"BR-101/SC";"Norte";"Colisão - Traseira";1;0;0;1;0;0;0;0;0;0;2;0;0;0;0
"29/09/2022";"03:36:00";"121";"Acidente s";"350";"BR-101/SC";"Sul";"Saída de pista";1;0;0;0;0;0;0;0;0;0;1;0;0;0;0
"29/09/2022";"09:49:00";"141";"Acidente s";"416.7";"BR-101/SC";"Sul";"Saída de pista";0;0;0;0;0;0;0;1;0;0;1;0;0;0;0
"29/09/2022";"09:59:00";"142";"Acidente s";"345";"BR-101/SC";"Norte";"Saída de pista";1;0;0;0;0;0;0;0;0;0;1;0;0;0;0
"29/09/2022";"10:18:00";"143";"Acidente c";"420";"BR-101/SC";"Norte";"Colisão - Traseira";0;0;0;0;0;0;0;0;0;1;1;0;0;1;0
"30/09/2022";"01:04:00";"7";"Acidente c";"318";"BR-101/SC";"Sul";"Saída de pista";0;0;0;0;0;0;0;1;0;0;0;0;1;0;0
"30/09/2022";"07:31:00";"156";"Acidente s";"272";"BR-101/SC";"Norte";"Saída de pista";1;0;0;0;0;0;0;0;0;0;1;0;0;0;0
"30/09/2022";"07:50:00";"157";"Acidente s";"444";"BR-101/SC";"Sul";"Saída de pista";1;0;0;0;0;0;0;0;0;0;2;0;0;0;0
"30/09/2022";"10:14:00";"170";"Acidente c";"416";"BR-101/SC";"Norte";"Colisão - Frontal";0;0;0;2;0;0;0;0;0;0;1;0;0;1;0
"01/10/2022";"09:35:00";"35";"Acidente s";"274";"BR-101/SC";"Sul";"Choque Barreira";0;0;0;0;0;0;0;0;0;0;1;0;0;0;0
"01/10/2022";"03:40:00";"73";"Acidente s";"258.9";"BR-101/SC";"Sul";"Queda de ribanceira";0;0;0;0;0;0;0;0;0;0;1;0;0;0;0
"01/10/2022";"03:47:00";"74";"Acidente s";"444.65";"BR-101/SC";"Norte";"Choque Barreira";0;0;0;0;0;0;0;0;0;0;1;0;0;0;0
"01/10/2022";"07:04:00";"84";"Acidente s";"344";"BR-101/SC";"Sul";"Saída de pista";0;0;0;0;0;0;0;0;0;0;2;0;0;0;0
"01/10/2022";"08:56:00";"93";"Acidente s";"263.95";"BR-101/SC";"Sul";"Colisão - Traseira";0;0;0;0;0;0;0;0;0;0;2;0;0;0;0
"01/10/2022";"11:27:00";"106";"Acidente s";"314";"BR-101/SC";"Sul";"Saída de pista";0;0;0;0;0;0;0;0;0;0;1;0;0;0;0
"02/10/2022";"12:03:00";"1";"Acidente s";"345";"BR-101/SC";"Norte";"Queda de moto";0;0;0;0;0;0;0;0;0;0;2;0;0;0;0
"02/10/2022";"04:39:00";"13";"Acidente s";"367";"BR-101/SC";"Sul";"Choque Defensa";0;0;0;0;0;0;0;0;0;0;1;0;0;0;0
"02/10/2022";"12:57:00";"55";"Acidente s";"314";"BR-101/SC";"Norte";"Colisão - Traseira";0;0;0;0;0;0;0;0;0;0;6;0;0;0;0
"02/10/2022";"02:39:00";"64";"Acidente c";"376";"BR-101/SC";"Sul";"Colisão - Traseira";0;0;1;1;0;0;0;0;0;0;0;1;0;0;0
"02/10/2022";"10:56:00";"103";"Acidente s";"344.9";"BR-101/SC";"Norte";"Choque Defensa";0;0;0;0;0;0;0;0;0;0;2;0;0;0;0
"03/10/2022";"11:40:00";"88";"Acidente s";"332";"BR-101/SC";"Norte";"Colisão - Lateral";0;0;0;0;0;0;0;0;0;0;3;0;0;0;0
"03/10/2022";"03:09:00";"109";"Acidente c";"331";"BR-101/SC";"Norte";"Colisão - Traseira";0;0;0;1;0;0;0;0;0;0;1;1;0;0;0
"03/10/2022";"03:21:00";"111";"Acidente s";"333";"BR-101/SC";"Norte";"Colisão - Traseira";0;0;1;0;0;0;0;0;0;0;2;0;0;0;0
"03/10/2022";"03:42:00";"115";"Acidente c";"332";"BR-101/SC";"Norte";"Colisão - Traseira";0;0;1;1;0;0;0;0;0;0;1;0;1;0;0
"03/10/2022";"10:29:00";"140";"Acidente s";"328";"BR-101/SC";"Norte";"Capotamento";0;0;0;0;0;0;0;0;0;0;1;0;0;0;0
"04/10/2022";"08:37:00";"45";"Acidente c";"358";"BR-101/SC";"Norte";"Colisão - Traseira";0;0;1;0;0;0;0;0;0;0;2;1;0;0;0
"04/10/2022";"11:53:00";"84";"Acidente s";"312";"BR-101/SC";"Norte";"Colisão - Lateral";0;0;1;0;0;0;0;0;0;0;1;0;0;0;0
"04/10/2022";"03:19:00";"110";"Acidente s";"248";"BR-101/SC";"Sul";"Saída de pista";0;0;1;0;0;0;0;0;0;0;5;0;0;0;0
"04/10/2022";"06:43:00";"128";"Atropelame";"334";"BR-101/SC";"Norte";"Atropelamento - Usuário";0;0;0;2;0;0;0;0;0;0;2;0;0;0;0
"05/10/2022";"09:54:00";"52";"Acidente c";"282";"BR-101/SC";"Norte";"Colisão - Traseira";0;0;1;0;0;0;0;0;0;0;3;1;0;0;0
"05/10/2022";"06:15:00";"102";"Acidente s";"297.4";"BR-101/SC";"Sul";"Choque Defensa";0;0;0;0;0;0;0;0;0;0;1;0;0;0;0
"05/10/2022";"07:31:00";"110";"Acidente s";"264";"BR-101/SC";"Norte";"Outros";0;0;1;0;0;0;0;0;0;0;1;0;0;0;0
"06/10/2022";"02:17:00";"7";"Acidente s";"272";"BR-101/SC";"Norte";"Choque Defensa";0;0;1;0;0;0;0;0;0;0;1;0;0;0;0
"06/10/2022";"05:28:00";"18";"Acidente s";"459";"BR-101/SC";"Norte";"Saída de pista";0;0;0;0;0;0;0;0;0;0;3;0;0;0;0
"06/10/2022";"12:44:00";"90";"Acidente s";"376";"BR-101/SC";"Sul";"Saída de pista";0;0;1;0;0;0;0;0;0;0;3;0;0;0;0
"06/10/2022";"05:08:00";"110";"Acidente s";"315";"BR-101/SC";"Sul";"Colisão - Traseira";0;0;0;0;0;0;0;0;0;0;5;0;0;0;0
"06/10/2022";"06:34:00";"118";"Acidente s";"333.5";"BR-101/SC";"Norte";"Colisão - Traseira";0;0;0;0;0;0;0;0;0;0;2;0;0;0;0
"07/10/2022";"10:35:00";"69";"Acidente c";"329";"BR-101/SC";"Norte";"Colisão - Lateral";0;0;0;1;0;0;0;0;0;0;1;0;1;0;0
"07/10/2022";"12:12:00";"78";"Acidente s";"404";"BR-101/SC";"Norte";"Colisão - Traseira";0;0;0;0;0;0;0;0;0;0;5;0;0;0;0
"07/10/2022";"06:34:00";"138";"Acidente s";"439";"BR-101/SC";"Norte";"Choque Barreira";0;0;0;0;0;0;0;0;0;0;2;0;0;0;0
"07/10/2022";"07:00:00";"148";"Acidente c";"323";"BR-101/SC";"Norte";"Colisão - Lateral";0;0;0;0;0;0;0;0;0;0;2;3;1;0;0
"07/10/2022";"09:52:00";"167";"Acidente s";"368";"BR-101/SC";"Sul";"Choque - Canaleta";2;0;0;0;0;0;0;0;0;0;3;0;0;0;0
"08/10/2022";"06:29:00";"24";"Acidente s";"370.8";"BR-101/SC";"Sul";"Saída de pista";0;0;0;0;0;0;0;0;0;0;2;0;0;0;0
"08/10/2022";"01:00:00";"67";"Acidente c";"310";"BR-101/SC";"Sul";"Queda de moto";0;0;0;1;0;0;0;0;0;0;0;1;0;0;0
"08/10/2022";"07:57:00";"112";"Acidente s";"329";"BR-101/SC";"Norte";"Colisão - Lateral";0;0;1;0;0;0;0;0;0;0;4;0;0;0;0
"08/10/2022";"09:29:00";"119";"Acidente c";"405";"BR-101/SC";"Norte";"Capotamento";0;0;0;0;0;0;0;0;0;0;3;0;0;1;1
"08/10/2022";"10:50:00";"125";"Acidente s";"343";"BR-101/SC";"Norte";"Saída de pista";0;0;0;0;0;0;0;0;0;0;3;0;0;0;0
"08/10/2022";"11:39:00";"130";"Acidente s";"355";"BR-101/SC";"Sul";"Saída de pista";0;0;0;0;0;0;0;0;0;0;1;0;0;0;0
"09/10/2022";"03:33:00";"8";"Acidente s";"275";"BR-101/SC";"Norte";"Atropelamento de Animal";0;0;0;0;0;0;0;0;0;0;2;0;0;0;0
"09/10/2022";"05:43:00";"9";"Acidente s";"371";"BR-101/SC";"Sul";"Saída de pista";0;0;0;0;0;0;0;0;0;0;1;0;0;0;0
"09/10/2022";"10:44:00";"34";"Acidente s";"252";"BR-101/SC";"Norte";"Colisão - Lateral";0;0;0;0;0;0;0;0;0;0;4;0;0;0;0
"09/10/2022";"04:41:00";"67";"Acidente s";"336";"BR-101/SC";"Sul";"Engavetamento";0;0;0;0;0;0;0;0;0;0;7;0;0;0;0
"09/10/2022";"05:49:00";"69";"Acidente s";"379";"BR-101/SC";"Norte";"Colisão - Lateral";0;0;0;0;0;0;0;0;0;0;2;0;0;0;0
"09/10/2022";"07:13:00";"78";"Acidente s";"404";"BR-101/SC";"Norte";"Saída de pista";0;0;0;0;0;0;0;0;0;0;3;0;0;0;0
"10/10/2022";"05:43:00";"15";"Acidente c";"251";"BR-101/SC";"Norte";"Capotamento";0;0;0;0;0;0;0;0;0;0;1;1;0;0;0
"10/10/2022";"01:18:00";"71";"Acidente s";"282";"BR-101/SC";"Sul";"Tombamento";0;0;0;0;0;0;0;0;0;0;2;0;0;0;0
"10/10/2022";"02:06:00";"80";"Acidente c";"286";"BR-101/SC";"Norte";"Saída de pista";0;0;0;0;0;0;0;0;0;0;0;1;0;0;0
"10/10/2022";"05:16:00";"93";"Acidente s";"424.5";"BR-101/SC";"Sul";"Saída de pista";0;0;0;0;0;0;0;0;0;0;2;0;0;0;0
"10/10/2022";"06:21:00";"99";"Acidente s";"327";"BR-101/SC";"Norte";"Colisão - Lateral";0;0;0;0;0;0;0;0;0;0;3;0;0;0;0
"10/10/2022";"06:51:00";"103";"Acidente s";"436";"BR-101/SC";"Sul";"Colisão - Traseira";0;0;0;0;0;0;0;0;0;0;2;0;0;0;0
"10/10/2022";"09:33:00";"114";"Acidente s";"404";"BR-101/SC";"Sul";"Colisão - Traseira";0;0;0;0;0;0;0;0;0;0;2;0;0;0;0
"11/10/2022";"05:03:00";"13";"Acidente s";"308";"BR-101/SC";"Norte";"Tombamento";0;0;1;0;0;0;0;0;0;0;1;0;0;0;0
"11/10/2022";"12:00:00";"60";"Acidente s";"386";"BR-101/SC";"Sul";"Colisão - Traseira";0;0;1;0;0;0;0;0;0;0;3;0;0;0;0
"11/10/2022";"01:16:00";"69";"Acidente s";"298";"BR-101/SC";"Sul";"Colisão - Traseira";0;0;0;0;0;0;0;0;0;0;5;0;0;0;0
"11/10/2022";"07:11:00";"97";"Acidente s";"358.5";"BR-101/SC";"Sul";"Saída de pista";0;0;0;0;0;0;0;0;0;0;1;0;0;0;0
"12/10/2022";"12:12:00";"5";"Acidente s";"330";"BR-101/SC";"Norte";"Colisão - Lateral";0;0;0;0;0;0;0;0;0;0;5;0;0;0;0
"12/10/2022";"07:20:00";"23";"Acidente c";"338";"BR-101/SC";"Norte";"Choque Defensa";0;0;0;0;0;0;0;0;0;0;0;1;0;0;0
"12/10/2022";"12:57:00";"55";"Atropelame";"381.7";"BR-101/SC";"Norte";"Atropelamento - Usuário";0;0;0;0;0;0;0;0;0;0;1;0;2;0;0
"12/10/2022";"07:23:00";"92";"Acidente s";"298";"BR-101/SC";"Norte";"Colisão - Lateral";0;0;1;0;0;0;0;0;0;0;3;0;0;0;0
"13/10/2022";"12:05:00";"66";"Acidente s";"449";"BR-101/SC";"Sul";"Queda de moto";0;0;0;0;0;0;0;0;0;0;1;0;0;0;0
"13/10/2022";"04:35:00";"92";"Acidente s";"266";"BR-101/SC";"Sul";"Saída de pista";0;0;0;0;0;0;0;0;0;0;1;0;0;0;0
"13/10/2022";"06:53:00";"99";"Acidente s";"392";"BR-101/SC";"Sul";"Colisão - Traseira";0;0;1;0;0;0;0;0;0;0;1;0;0;0;0
"13/10/2022";"08:27:00";"108";"Acidente s";"315";"BR-101/SC";"Sul";"Choque Barreira";0;0;0;0;0;0;0;0;0;0;2;0;0;0;0
"13/10/2022";"09:04:00";"109";"Acidente s";"315";"BR-101/SC";"Sul";"Choque Barreira";0;0;0;0;0;0;0;0;0;0;1;0;0;0;0
"14/10/2022";"02:47:00";"8";"Acidente s";"442.2";"BR-101/SC";"Sul";"Atropelamento de Animal";0;0;1;0;0;0;0;0;0;0;1;0;0;0;0
"14/10/2022";"10:57:00";"54";"Acidente s";"316";"BR-101/SC";"Norte";"Colisão - Traseira";0;0;0;0;0;0;0;0;0;0;4;0;0;0;0
"14/10/2022";"03:35:00";"84";"Acidente s";"306";"BR-101/SC";"Sul";"Colisão - Traseira";0;0;0;0;0;0;0;0;0;0;4;0;0;0;0
"14/10/2022";"07:18:00";"108";"Acidente s";"359";"BR-101/SC";"Sul";"Queda de moto";0;0;0;0;0;0;0;0;0;0;1;0;0;0;0
"14/10/2022";"08:36:00";"112";"Acidente s";"275";"BR-101/SC";"Sul";"Saída de pista";0;0;0;0;0;0;0;0;0;0;1;0;0;0;0
"14/10/2022";"09:41:00";"120";"Acidente s";"360";"BR-101/SC";"Sul";"Saída de pista";0;0;0;0;0;0;0;0;0;0;1;0;0;0;0
"15/10/2022";"01:33:00";"10";"Acidente s";"336";"BR-101/SC";"Sul";"Choque Barreira";0;0;0;0;0;0;0;0;0;0;1;0;0;0;0
"15/10/2022";"02:47:00";"13";"Acidente s";"418";"BR-101/SC";"Norte";"Saída de pista";0;0;0;0;0;0;0;0;0;0;1;0;0;0;0
"15/10/2022";"03:17:00";"14";"Acidente s";"331";"BR-101/SC";"Sul";"Saída de pista";0;0;0;0;0;0;0;0;0;0;1;0;0;0;0
"15/10/2022";"04:37:00";"19";"Acidente s";"313";"BR-101/SC";"Sul";"Capotamento";0;0;0;0;0;0;0;0;0;0;1;0;0;0;0
"15/10/2022";"04:48:00";"20";"Acidente s";"355";"BR-101/SC";"Sul";"Saída de pista";0;0;0;0;0;0;0;0;0;0;2;0;0;0;0
"15/10/2022";"10:33:00";"46";"Acidente s";"250";"BR-101/SC";"Sul";"Saída de pista";0;0;0;0;0;0;0;0;0;0;4;0;0;0;0
"15/10/2022";"07:35:00";"89";"Acidente s";"344";"BR-101/SC";"Norte";"Queda de moto";0;0;0;1;0;0;0;0;0;0;1;0;0;0;0
"15/10/2022";"11:40:00";"101";"Acidente c";"275.5";"BR-101/SC";"Norte";"Colisão - Traseira";0;0;2;0;0;0;0;0;0;0;1;0;0;1;0
"16/10/2022";"02:18:00";"6";"Acidente s";"344";"BR-101/SC";"Sul";"Choque Barreira";0;0;0;0;0;0;0;0;0;0;2;0;0;0;0
"16/10/2022";"07:15:00";"14";"Acidente s";"353";"BR-101/SC";"Norte";"Capotamento";0;0;0;0;0;0;0;0;0;0;1;0;0;0;0
"16/10/2022";"12:50:00";"44";"Acidente c";"280";"BR-101/SC";"Norte";"Choque Defensa";0;0;0;0;0;0;0;0;0;0;0;1;0;0;0
"16/10/2022";"01:04:00";"46";"Acidente c";"344.1";"BR-101/SC";"Norte";"Colisão - Traseira";0;0;0;0;0;0;0;0;0;0;1;1;0;0;0
"16/10/2022";"01:47:00";"48";"Acidente s";"312";"BR-101/SC";"Sul";"Engavetamento";0;0;1;0;0;0;0;0;0;0;39;0;0;0;0
"16/10/2022";"02:06:00";"51";"Acidente s";"310";"BR-101/SC";"Sul";"Colisão - Traseira";0;0;0;0;0;0;0;0;0;0;2;0;0;0;0
"16/10/2022";"03:25:00";"60";"Acidente s";"327";"BR-101/SC";"Sul";"Queda de moto";0;0;0;1;0;0;0;0;0;0;2;0;0;0;0
"16/10/2022";"04:47:00";"71";"Acidente c";"375";"BR-101/SC";"Norte";"Capotamento";0;0;0;0;0;0;0;0;0;0;2;2;0;0;0
"16/10/2022";"05:14:00";"78";"Acidente s";"328.8";"BR-101/SC";"Norte";"Colisão - Transversal";0;0;0;0;0;0;0;0;0;0;5;0;0;0;0
"16/10/2022";"05:51:00";"82";"Atropelame";"421";"BR-101/SC";"Ambos";"Atropelamento - Esportista";0;0;0;1;0;0;0;0;0;0;1;0;1;0;0
"16/10/2022";"07:16:00";"88";"Acidente s";"272.8";"BR-101/SC";"Norte";"Saída de pista";0;0;0;0;0;0;0;0;0;0;1;0;0;0;0
"16/10/2022";"08:22:00";"94";"Acidente s";"253";"BR-101/SC";"Sul";"Colisão - Lateral";0;0;0;0;0;0;0;0;0;0;4;0;0;0;0
"17/10/2022";"07:13:00";"20";"Acidente s";"456";"BR-101/SC";"Sul";"Colisão - Traseira";0;0;1;0;0;0;0;0;0;0;2;0;0;0;0
"17/10/2022";"03:23:00";"101";"Acidente s";"356";"BR-101/SC";"Norte";"Saída de pista";0;0;0;0;0;0;0;0;0;0;1;0;0;0;0
"17/10/2022";"05:25:00";"113";"Acidente s";"339.4";"BR-101/SC";"Norte";"Colisão - Lateral";0;0;0;0;0;0;0;0;0;0;3;0;0;0;0
"17/10/2022";"06:51:00";"117";"Acidente c";"416";"BR-101/SC";"Norte";"Colisão - Frontal";0;0;0;2;0;0;0;0;0;0;0;0;2;0;0
"18/10/2022";"05:19:00";"19";"Acidente s";"376";"BR-101/SC";"Norte";"Saída de pista";0;0;0;0;0;0;0;0;0;0;1;0;0;0;0
"18/10/2022";"06:16:00";"20";"Acidente s";"277";"BR-101/SC";"Norte";"Saída de pista";0;0;0;0;0;0;0;0;0;0;2;0;0;0;0
"18/10/2022";"07:14:00";"119";"Acidente s";"345";"BR-101/SC";"Norte";"Saída de pista";0;0;0;0;0;0;0;0;0;0;2;0;0;0;0
"18/10/2022";"08:07:00";"121";"Acidente s";"349";"BR-101/SC";"Norte";"Choque Defensa";0;0;0;0;0;0;0;0;0;0;1;0;0;0;0
"18/10/2022";"10:40:00";"128";"Acidente s";"300.8";"BR-101/SC";"Sul";"Saída de pista";0;0;1;0;0;0;0;0;0;0;1;0;0;0;0
"19/10/2022";"07:06:00";"19";"Acidente s";"278";"BR-101/SC";"Norte";"Colisão - Traseira";0;0;0;0;0;0;0;0;0;0;4;0;0;0;0
"19/10/2022";"07:09:00";"20";"Acidente c";"363";"BR-101/SC";"Sul";"Choque Barreira";0;0;0;0;0;0;0;0;0;0;2;3;0;0;0
"19/10/2022";"04:06:00";"97";"Acidente s";"314";"BR-101/SC";"Sul";"Colisão - Traseira";0;0;0;1;0;0;0;0;0;0;2;0;0;0;0
"19/10/2022";"09:54:00";"116";"Atropelame";"253";"BR-101/SC";"Sul";"Atropelamento - Morador/Trabalhador/Estudante";0;0;0;1;0;0;0;0;0;0;1;1;0;0;0
"20/10/2022";"06:47:00";"84";"Acidente s";"384";"BR-101/SC";"Sul";"Colisão - Traseira";0;0;1;0;0;0;0;0;0;0;3;0;0;0;0
"21/10/2022";"07:36:00";"25";"Acidente c";"338";"BR-101/SC";"Sul";"Colisão - Traseira";0;0;1;0;0;0;0;0;0;0;3;1;0;0;0
"21/10/2022";"02:23:00";"89";"Acidente c";"459";"BR-101/SC";"Norte";"Colisão - Traseira";0;0;1;0;0;0;0;0;0;0;2;1;3;0;0
"21/10/2022";"02:31:00";"92";"Acidente s";"439";"BR-101/SC";"Norte";"Saída de pista";0;0;0;0;0;0;0;0;0;0;1;0;0;0;0
"21/10/2022";"05:33:00";"104";"Acidente s";"366";"BR-101/SC";"Norte";"Choque Defensa";0;0;0;0;0;0;0;0;0;0;2;0;0;0;0
"22/10/2022";"03:23:00";"4";"Acidente s";"277";"BR-101/SC";"Sul";"Colisão - Lateral";0;0;1;0;0;0;0;0;0;0;1;0;0;0;0
"22/10/2022";"03:34:00";"5";"Acidente s";"294";"BR-101/SC";"Sul";"Colisão - Lateral";0;0;0;0;0;0;0;0;0;0;3;0;0;0;0
"22/10/2022";"05:05:00";"8";"Acidente s";"275.8";"BR-101/SC";"Norte";"Choque Barreira";0;0;0;0;0;0;0;0;0;0;3;0;0;0;0
"22/10/2022";"08:57:00";"39";"Acidente s";"323.3";"BR-101/SC";"Sul";"Colisão - Traseira";0;0;1;0;0;0;0;0;0;0;2;0;0;0;0
"22/10/2022";"11:03:00";"53";"Acidente s";"282";"BR-101/SC";"Sul";"Colisão - Traseira";0;0;0;1;0;0;0;0;0;0;2;0;0;0;0
"22/10/2022";"06:22:00";"102";"Acidente s";"437";"BR-101/SC";"Sul";"Choque Defensa";0;0;0;0;0;0;0;0;0;0;1;0;0;0;0
"22/10/2022";"06:27:00";"103";"Acidente c";"425";"BR-101/SC";"Sul";"Atropelamento - Morador/Trabalhador/Estudante";0;0;0;2;0;0;0;0;0;0;1;0;1;0;0
"22/10/2022";"09:59:00";"113";"Acidente s";"311";"BR-101/SC";"Sul";"Colisão - Lateral";0;0;0;0;0;0;0;0;0;0;3;0;0;0;0
"23/10/2022";"01:28:00";"7";"Acidente c";"327";"BR-101/SC";"Sul";"Saída de pista";0;0;0;0;0;0;0;0;0;0;0;2;1;0;0
"23/10/2022";"03:34:00";"9";"Acidente s";"334";"BR-101/SC";"Norte";"Choque Defensa";0;0;0;0;0;0;0;0;0;0;1;0;0;0;0
"23/10/2022";"07:59:00";"23";"Acidente s";"395";"BR-101/SC";"Sul";"Colisão - Traseira";0;0;0;0;0;0;0;0;0;0;3;0;0;0;0
"23/10/2022";"03:45:00";"72";"Acidente c";"319";"BR-101/SC";"Sul";"Saída de pista";0;0;0;0;0;0;0;0;0;0;0;0;1;0;0
"23/10/2022";"06:01:00";"91";"Acidente s";"345";"BR-101/SC";"Sul";"Colisão - Traseira";0;0;0;0;0;0;0;0;0;0;3;0;0;0;0
"24/10/2022";"12:34:00";"3";"Acidente c";"444";"BR-101/SC";"Norte";"Colisão - Frontal";0;0;0;0;0;0;0;0;0;0;1;0;1;0;0
"24/10/2022";"01:25:00";"6";"Acidente s";"299.2";"BR-101/SC";"Norte";"Atropelamento de Animal";0;0;1;0;0;0;0;0;0;0;1;0;0;0;0
"24/10/2022";"03:09:00";"8";"Acidente s";"368";"BR-101/SC";"Norte";"Saída de pista";0;0;0;0;0;0;0;0;0;0;1;0;0;0;0
"24/10/2022";"11:06:00";"68";"Acidente c";"338";"BR-101/SC";"Sul";"Saída de pista";0;0;0;0;0;0;0;0;0;0;0;1;0;0;0
"24/10/2022";"05:41:00";"116";"Acidente c";"340.7";"BR-101/SC";"Norte";"Colisão - Lateral";0;0;0;1;0;0;0;0;0;0;1;2;0;0;0
"25/10/2022";"07:08:00";"17";"Acidente s";"344";"BR-101/SC";"Norte";"Colisão - Traseira";0;0;1;0;0;0;0;0;0;0;4;0;0;0;0
"25/10/2022";"09:46:00";"133";"Acidente s";"435";"BR-101/SC";"Norte";"Queda de moto";0;0;0;1;0;0;0;0;0;0;2;0;0;0;0
"26/10/2022";"02:05:00";"3";"Acidente c";"282";"BR-101/SC";"Norte";"Queda de moto";0;0;0;1;0;0;0;0;0;0;0;1;0;0;0
"26/10/2022";"03:06:00";"4";"Acidente s";"367.7";"BR-101/SC";"Sul";"Saída de pista";0;0;0;0;0;0;0;0;0;0;4;0;0;0;0
"26/10/2022";"07:19:00";"15";"Acidente c";"256.65";"BR-101/SC";"Sul";"Capotamento";0;0;0;0;0;0;0;0;0;0;0;2;0;0;0
"26/10/2022";"07:48:00";"18";"Acidente c";"327";"BR-101/SC";"Sul";"Queda de moto";0;0;0;1;0;0;0;0;0;0;0;1;0;0;0
"26/10/2022";"11:54:00";"55";"Acidente s";"337";"BR-101/SC";"Norte";"Colisão - Traseira";0;0;1;0;0;0;0;0;0;0;2;0;0;0;0
"26/10/2022";"12:53:00";"58";"Atropelame";"435";"BR-101/SC";"Norte";"Atropelamento - Suicida";0;0;1;0;0;0;0;0;0;0;1;0;0;0;1
"27/10/2022";"05:32:00";"12";"Acidente s";"393";"BR-101/SC";"Sul";"Saída de pista";0;0;1;0;0;0;0;0;0;0;1;0;0;0;0
"27/10/2022";"08:06:00";"108";"Acidente s";"308";"BR-101/SC";"Norte";"Colisão - Traseira";0;0;1;0;0;0;0;0;0;0;5;0;0;0;0
"28/10/2022";"12:13:00";"1";"Acidente s";"254";"BR-101/SC";"Sul";"Saída de pista";0;0;0;0;0;0;0;0;0;0;2;0;0;0;0
"28/10/2022";"01:42:00";"8";"Acidente c";"345.35";"BR-101/SC";"Norte";"Queda de Ponte/Viaduto";0;0;0;0;0;0;0;0;0;0;0;1;0;0;0
"28/10/2022";"02:37:00";"99";"Acidente c";"313";"BR-101/SC";"Sul";"Engavetamento";0;0;1;0;0;0;0;0;0;0;4;0;1;0;0
"28/10/2022";"07:34:00";"131";"Acidente s";"463";"BR-101/SC";"Norte";"Saída de pista";0;0;1;0;0;0;0;0;0;0;2;0;0;0;0
"29/10/2022";"04:38:00";"11";"Acidente s";"269";"BR-101/SC";"Sul";"Saída de pista";0;0;0;0;0;0;0;0;0;0;3;0;0;0;0
"29/10/2022";"09:57:00";"47";"Acidente s";"332";"BR-101/SC";"Norte";"Colisão - Lateral";0;0;0;0;0;0;0;0;0;0;3;0;0;0;0
"29/10/2022";"03:45:00";"89";"Acidente s";"404";"BR-101/SC";"Sul";"Colisão - Traseira";0;0;0;0;0;0;0;0;0;0;2;0;0;0;0
"29/10/2022";"07:46:00";"109";"Acidente s";"435";"BR-101/SC";"Sul";"Saída de pista";0;0;0;0;0;0;0;0;0;0;1;0;0;0;0
"29/10/2022";"10:12:00";"119";"Acidente s";"331";"BR-101/SC";"Sul";"Saída de pista";0;0;0;0;0;0;0;0;0;0;3;0;0;0;0
"30/10/2022";"12:09:00";"3";"Acidente s";"254";"BR-101/SC";"Sul";"Saída de pista";0;0;0;0;0;0;0;0;0;0;1;0;0;0;0