data;horario;n_da_ocorrencia;tipo_de_ocorrencia;km;trecho;sentido;tipo_de_acidente;automovel;bicicleta;caminhao;moto;onibus;outros;tracao_animal;transporte_de_cargas_especiais;trator_maquinas;utilitarios;ilesos;levemente_feridos;moderadamente_feridos;gravemente_feridos;mortos
"03/12/2022";"11:41:00";"61";"Acidente c";"323";"BR-101/SC";"Ambos";"Outros";1;0;0;0;0;0;0;0;0;0;1;1;0;0;0
"03/12/2022";"08:41:00";"107";"Acidente c";"286";"BR-101/SC";"Sul";"Queda de moto";0;0;0;1;0;0;0;0;0;0;1;0;1;0;0
"03/12/2022";"10:00:00";"114";"Acidente s";"271";"BR-101/SC";"Sul";"Saída de pista";1;0;0;0;0;0;0;0;0;0;4;0;0;0;0
"04/12/2022";"12:42:00";"4";"Acidente s";"343";"BR-101/SC";"Sul";"Saída de pista";1;0;0;0;0;0;0;0;0;0;4;0;0;0;0
"04/12/2022";"06:17:00";"15";"Acidente s";"331.6";"BR-101/SC";"Norte";"Colisão - Transversal";2;0;0;0;0;0;0;0;0;0;3;0;0;0;0
"04/12/2022";"06:29:00";"72";"Acidente s";"340";"BR-101/SC";"Sul";"Colisão - Frontal";2;0;0;0;0;0;0;0;0;0;3;0;0;0;0
"04/12/2022";"07:25:00";"74";"Acidente s";"334";"BR-101/SC";"Norte";"Colisão - Lateral";2;0;0;0;0;0;0;0;0;0;7;0;0;0;0
"04/12/2022";"10:02:00";"83";"Acidente s";"382";"BR-101/SC";"Sul";"Saída de pista";1;0;0;0;0;0;0;0;0;0;3;0;0;0;0
"05/12/2022";"03:51:00";"8";"Acidente s";"384.8";"BR-101/SC";"Norte";"Choque Defensa";1;0;0;0;0;0;0;0;0;0;3;0;0;0;0
"05/12/2022";"09:03:00";"54";"Acidente c";"382";"BR-101/SC";"Sul";"Saída de pista";1;0;0;0;0;0;0;0;0;0;0;0;1;0;0
"05/12/2022";"11:42:00";"79";"Acidente s";"399";"BR-101/SC";"Norte";"Colisão - Lateral";2;0;0;0;0;0;0;0;0;0;3;0;0;0;0
"05/12/2022";"06:10:00";"115";"Acidente c";"400";"BR-101/SC";"Norte";"Colisão - Lateral";1;0;0;1;0;0;0;0;0;0;1;0;1;0;0
"06/12/2022";"01:16:00";"6";"Acidente s";"267";"BR-101/SC";"Sul";"Colisão - Lateral";2;0;0;0;0;0;0;0;0;0;1;3;0;0;0
"06/12/2022";"04:24:00";"9";"Acidente s";"344";"BR-101/SC";"Sul";"Saída de pista";1;0;0;0;0;0;0;0;0;0;3;0;0;0;0
"06/12/2022";"07:05:00";"23";"Acidente c";"357";"BR-101/SC";"Norte";"Saída de pista";1;0;0;0;0;0;0;0;0;0;1;2;0;0;0
"06/12/2022";"05:11:00";"97";"Acidente s";"282";"BR-101/SC";"Norte";"Outros";2;0;0;0;0;0;0;0;0;0;2;0;0;0;0
"06/12/2022";"06:00:00";"100";"Acidente s";"289";"BR-101/SC";"Sul";"Colisão - Traseira";2;0;0;0;0;0;0;0;0;0;2;0;0;0;0
"06/12/2022";"06:10:00";"102";"Acidente c";"357";"BR-101/SC";"Sul";"Colisão - Frontal";2;0;0;0;0;0;0;0;0;0;4;1;0;0;0
"06/12/2022";"08:35:00";"113";"Acidente s";"363";"BR-101/SC";"Sul";"Atropelamento de Animal";1;0;0;0;0;0;0;0;0;0;2;0;0;0;0
"07/12/2022";"03:29:00";"10";"Acidente c";"326";"BR-101/SC";"Sul";"Colisão - Traseira";0;0;2;0;0;0;0;0;0;0;1;1;0;0;0
"07/12/2022";"04:16:00";"11";"Acidente s";"344";"BR-101/SC";"Sul";"Saída de pista";1;0;0;0;0;0;0;0;0;0;1;0;0;0;0
"08/12/2022";"03:53:00";"9";"Acidente s";"367";"BR-101/SC";"Sul";"Saída de pista";0;0;1;0;0;0;0;0;0;0;1;0;0;0;0
"08/12/2022";"06:11:00";"16";"Acidente s";"298";"BR-101/SC";"Norte";"Colisão - Traseira";2;0;0;0;0;0;0;0;0;0;2;0;0;0;0
"08/12/2022";"11:34:00";"79";"Acidente s";"371";"BR-101/SC";"Sul";"Colisão - Lateral";2;0;0;0;0;0;0;0;0;0;1;0;0;0;0
"08/12/2022";"10:57:00";"141";"Acidente c";"388";"BR-101/SC";"Sul";"Colisão - Traseira";0;0;0;0;0;0;0;1;0;1;1;1;0;0;0
"09/12/2022";"07:42:00";"35";"Acidente c";"331";"BR-101/SC";"Sul";"Colisão - Traseira";1;0;0;0;0;0;0;1;0;0;1;1;0;0;0
"09/12/2022";"03:17:00";"121";"Acidente c";"306";"BR-101/SC";"Sul";"Outros";1;0;0;0;0;0;0;0;0;0;0;0;1;0;0
"09/12/2022";"05:19:00";"139";"Acidente c";"340";"BR-101/SC";"Norte";"Colisão - Traseira";1;0;0;1;0;0;0;0;0;0;1;0;2;0;0
"09/12/2022";"05:27:00";"141";"Atropelame";"357";"BR-101/SC";"Norte";"Atropelamento - Usuário";0;0;0;1;0;0;0;0;0;1;1;0;0;1;0
"09/12/2022";"06:17:00";"145";"Acidente c";"331";"BR-101/SC";"Norte";"Queda de moto";0;0;0;1;0;0;0;0;0;0;1;1;0;0;0
"10/12/2022";"03:59:00";"14";"Acidente s";"337.4";"BR-101/SC";"Sul";"Choque Defensa";1;0;0;0;0;0;0;0;0;0;4;0;0;0;0
"10/12/2022";"04:37:00";"15";"Acidente s";"414";"BR-101/SC";"Sul";"Saída de pista";0;0;0;0;0;0;0;0;0;0;1;0;0;0;0
"10/12/2022";"10:53:00";"65";"Atropelame";"265";"BR-101/SC";"Sul";"Atropelamento - Usuário";1;0;0;0;0;0;0;0;0;0;2;0;1;0;0
"10/12/2022";"11:01:00";"66";"Acidente s";"323";"BR-101/SC";"Norte";"Colisão - Traseira";2;0;0;0;0;0;0;0;0;0;2;0;0;0;0
"10/12/2022";"11:19:00";"68";"Acidente s";"323";"BR-101/SC";"Norte";"Colisão - Traseira";2;0;0;0;0;0;0;0;0;0;3;0;0;0;0
"11/12/2022";"02:48:00";"13";"Acidente c";"422";"BR-101/SC";"Sul";"Queda de moto";1;0;0;0;0;0;0;0;0;0;0;0;1;0;0
"11/12/2022";"04:49:00";"17";"Acidente s";"377";"BR-101/SC";"Ambos";"Saída de pista";1;0;0;0;0;0;0;0;0;0;1;0;0;0;0
"11/12/2022";"05:00:00";"18";"Acidente s";"262";"BR-101/SC";"Sul";"Saída de pista";0;0;0;0;0;0;0;0;0;2;2;0;0;0;0
"11/12/2022";"05:33:00";"21";"Acidente s";"310";"BR-101/SC";"Sul";"Saída de pista";1;0;0;0;0;0;0;0;0;0;1;0;0;0;0
"11/12/2022";"05:52:00";"22";"Acidente s";"351";"BR-101/SC";"Norte";"Colisão Traseira";1;0;0;0;0;0;0;0;0;1;2;0;0;0;0
"11/12/2022";"07:19:00";"27";"Acidente s";"384";"BR-101/SC";"Sul";"Capotamento";1;0;0;0;0;0;0;0;0;0;2;0;0;0;0
"11/12/2022";"10:55:00";"52";"Acidente c";"299";"BR-101/SC";"Norte";"Queda de moto";0;0;0;1;0;0;0;0;0;0;1;1;0;0;0
"11/12/2022";"02:29:00";"71";"Acidente s";"316";"BR-101/SC";"Sul";"Saída de pista";1;0;0;0;0;0;0;0;0;0;3;0;0;0;0
"11/12/2022";"06:30:00";"85";"Acidente c";"284";"BR-101/SC";"Norte";"Colisão - Traseira";1;0;0;0;0;0;0;1;0;0;4;1;0;0;0
"11/12/2022";"07:30:00";"92";"Acidente s";"295";"BR-101/SC";"Sul";"Saída de pista";1;0;0;0;0;0;0;0;0;0;2;0;0;0;0
"12/12/2022";"04:31:00";"8";"Acidente s";"318";"BR-101/SC";"Sul";"Saída de pista";1;0;0;0;0;0;0;0;0;0;1;0;0;0;0
"12/12/2022";"10:58:00";"63";"Acidente c";"330";"BR-101/SC";"Sul";"Colisão - Traseira";2;0;0;0;0;0;0;0;0;0;3;1;0;0;0
"12/12/2022";"04:44:00";"119";"Acidente c";"293";"BR-101/SC";"Norte";"Queda de moto";0;0;0;1;0;0;0;0;0;0;0;0;2;0;0
"13/12/2022";"08:02:00";"38";"Acidente s";"286";"BR-101/SC";"Norte";"Colisão - Traseira";1;0;0;0;0;0;0;0;0;1;2;0;0;0;0
"13/12/2022";"07:34:00";"147";"Acidente s";"327";"BR-101/SC";"Sul";"Colisão - Traseira";2;0;0;0;0;0;0;0;0;0;3;0;0;0;0
"13/12/2022";"08:27:00";"151";"Acidente s";"344";"BR-101/SC";"Sul";"Saída de pista";1;0;0;0;0;0;0;0;0;0;2;0;0;0;0
"14/12/2022";"06:50:00";"17";"Acidente s";"404";"BR-101/SC";"Sul";"Engavetamento";4;0;0;0;0;0;0;0;0;1;5;0;0;0;0
"14/12/2022";"10:00:00";"62";"Acidente s";"344";"BR-101/SC";"Norte";"Queda de moto";0;0;0;1;0;0;0;0;0;0;1;0;0;0;0
"14/12/2022";"04:29:00";"57";"Acidente s";"332";"BR-101/SC";"Sul";"Colisão - Traseira";3;0;0;0;0;0;0;0;0;0;4;0;0;0;0
"14/12/2022";"05:21:00";"59";"Atropelame";"445.8";"BR-101/SC";"Sul";"Atropelamento - Suicida";1;0;0;0;0;0;0;0;0;0;3;0;0;0;0
"14/12/2022";"08:21:00";"74";"Acidente s";"332";"BR-101/SC";"Norte";"Colisão - Lateral";2;0;0;0;0;0;0;0;0;0;4;0;0;0;0
"14/12/2022";"08:59:00";"80";"Acidente s";"404";"BR-101/SC";"Norte";"Colisão - Lateral";1;0;0;0;0;0;0;0;0;1;2;0;0;0;0
"15/12/2022";"10:56:00";"69";"Acidente s";"394";"BR-101/SC";"Sul";"Choque - Poste";0;0;0;0;0;0;0;0;0;1;1;0;0;0;0
"15/12/2022";"02:05:00";"90";"Acidente s";"349";"BR-101/SC";"Sul";"Saída de pista";1;0;0;0;0;0;0;0;0;0;2;0;0;0;0
"15/12/2022";"03:22:00";"99";"Acidente s";"457";"BR-101/SC";"Norte";"Colisão - Traseira";2;0;0;0;0;0;0;0;0;0;3;0;0;0;0
"15/12/2022";"05:02:00";"109";"Acidente s";"277";"BR-101/SC";"Norte";"Colisão - Traseira";2;0;0;0;0;0;0;0;0;0;4;0;0;0;0
"15/12/2022";"10:51:00";"127";"Acidente s";"331";"BR-101/SC";"Sul";"Outros";1;0;0;1;0;0;0;0;0;0;2;0;0;0;0
"16/12/2022";"04:57:00";"22";"Acidente s";"291";"BR-101/SC";"Norte";"Colisão - Traseira";0;0;0;0;0;0;0;0;0;2;3;0;0;0;0
"16/12/2022";"08:09:00";"58";"Acidente s";"337";"BR-101/SC";"Norte";"Colisão - Traseira";2;0;0;0;0;0;0;0;0;0;1;0;0;0;0
"16/12/2022";"01:32:00";"110";"Acidente s";"349.3";"BR-101/SC";"Norte";"Choque Defensa";1;0;0;0;0;0;0;0;0;0;1;0;0;0;0
"16/12/2022";"04:04:00";"122";"Acidente c";"293";"BR-101/SC";"Sul";"Colisão - Traseira";2;0;0;1;0;0;0;0;0;0;2;1;0;0;0
"16/12/2022";"08:36:00";"151";"Acidente s";"295";"BR-101/SC";"Sul";"Colisão - Traseira";1;0;0;0;0;0;0;0;0;1;2;0;0;0;0
"17/12/2022";"12:58:00";"2";"Acidente s";"336";"BR-101/SC";"Sul";"Choque Barreira";1;0;0;0;0;0;0;0;0;1;2;0;0;0;0
"17/12/2022";"02:26:00";"11";"Acidente s";"311";"BR-101/SC";"Norte";"Colisão - Traseira";2;0;0;0;0;0;0;0;0;0;6;0;0;0;0
"17/12/2022";"02:50:00";"14";"Acidente c";"313";"BR-101/SC";"Sul";"Choque Barreira";1;0;0;0;0;0;0;0;0;0;0;1;1;0;0
"17/12/2022";"06:40:00";"27";"Acidente c";"450";"BR-101/SC";"Norte";"Capotamento";1;0;0;0;0;0;0;0;0;0;0;1;0;0;0
"17/12/2022";"07:30:00";"36";"Acidente c";"280";"BR-101/SC";"Sul";"Colisão - Lateral";2;0;0;0;0;0;0;0;0;1;2;1;0;0;0
"17/12/2022";"04:20:00";"100";"Acidente c";"268.5";"BR-101/SC";"Sul";"Saída de pista";1;0;0;0;0;0;0;0;0;0;0;1;0;0;0
"18/12/2022";"05:06:00";"10";"Acidente s";"370";"BR-101/SC";"Norte";"Capotamento";1;0;0;0;0;0;0;0;0;0;2;0;0;0;0
"18/12/2022";"11:31:00";"32";"Acidente c";"369";"BR-101/SC";"Sul";"Choque Barreira";1;0;0;0;0;0;0;0;0;0;0;3;0;0;0
"18/12/2022";"03:37:00";"52";"Acidente s";"307";"BR-101/SC";"Sul";"Colisão - Traseira";2;0;0;0;0;0;0;0;0;0;3;0;0;0;0
"18/12/2022";"03:52:00";"53";"Acidente c";"335";"BR-101/SC";"Sul";"Choque Barreira";1;0;0;0;0;0;0;0;0;0;1;1;0;0;0
"18/12/2022";"04:22:00";"58";"Acidente s";"316";"BR-101/SC";"Sul";"Choque Defensa";1;0;0;0;0;0;0;0;0;0;4;0;0;0;0
"18/12/2022";"04:30:00";"60";"Acidente s";"330";"BR-101/SC";"Sul";"Engavetamento";5;0;0;0;0;0;0;0;0;0;9;0;0;0;0
"18/12/2022";"05:13:00";"67";"Acidente s";"383";"BR-101/SC";"Sul";"Saída de pista";1;0;0;0;0;0;0;0;0;0;2;0;0;0;0
"18/12/2022";"07:55:00";"78";"Acidente s";"271";"BR-101/SC";"Sul";"Atropelamento de Animal";2;0;1;0;0;0;0;0;0;0;4;0;0;0;0
"18/12/2022";"07:57:00";"79";"Acidente s";"406";"BR-101/SC";"Norte";"Colisão - Traseira";2;0;0;0;0;0;0;0;0;0;5;0;0;0;0
"18/12/2022";"09:17:00";"88";"Acidente c";"336";"BR-101/SC";"Norte";"Choque Barreira";1;0;0;0;0;0;0;0;0;0;0;2;0;0;0
"18/12/2022";"09:21:00";"89";"Acidente s";"298";"BR-101/SC";"Sul";"Colisão - Traseira";2;0;0;0;0;0;0;0;0;0;4;0;0;0;0
"18/12/2022";"10:39:00";"95";"Acidente s";"327";"BR-101/SC";"Sul";"Choque Barreira";1;0;0;0;0;0;0;0;0;0;1;0;0;0;0
"19/12/2022";"01:11:00";"2";"Acidente s";"406";"BR-101/SC";"Sul";"Colisão - Traseira";2;0;0;0;0;0;0;0;0;0;2;0;0;0;0
"19/12/2022";"03:11:00";"7";"Acidente c";"329";"BR-101/SC";"Norte";"Queda de moto";0;0;0;1;0;0;0;0;0;0;0;0;1;0;0
"19/12/2022";"08:29:00";"31";"Acidente s";"424";"BR-101/SC";"Sul";"Outros";1;0;0;0;0;0;0;0;0;0;1;0;0;0;0
"19/12/2022";"09:28:00";"47";"Acidente s";"334";"BR-101/SC";"Norte";"Colisão - Traseira";1;0;0;0;0;0;0;1;0;0;2;0;0;0;0
"19/12/2022";"10:02:00";"53";"Acidente s";"308";"BR-101/SC";"Norte";"Choque Barreira";1;0;0;0;0;0;0;0;0;0;1;0;0;0;0
"19/12/2022";"11:48:00";"66";"Acidente s";"258";"BR-101/SC";"Norte";"Choque Defensa";1;0;0;0;0;0;0;0;0;0;4;0;0;0;0
"19/12/2022";"12:23:00";"70";"Acidente s";"256";"BR-101/SC";"Norte";"Saída de pista";2;0;0;0;0;0;0;0;0;0;2;0;0;0;0
"19/12/2022";"12:27:00";"71";"Acidente s";"340";"BR-101/SC";"Norte";"Saída de pista";1;0;0;0;0;0;0;0;0;0;3;0;0;0;0
"19/12/2022";"01:14:00";"75";"Acidente s";"334";"BR-101/SC";"Sul";"Choque Barreira";1;0;0;0;0;0;0;0;0;0;1;0;0;0;0
"19/12/2022";"01:43:00";"78";"Acidente s";"288";"BR-101/SC";"Norte";"Colisão - Traseira";1;0;0;0;0;0;0;0;0;1;4;0;0;0;0
"19/12/2022";"03:00:00";"91";"Acidente s";"251";"BR-101/SC";"Norte";"Saída de pista";1;0;0;0;0;0;0;0;0;0;1;0;0;0;0
"19/12/2022";"03:03:00";"92";"Acidente c";"273.3";"BR-101/SC";"Norte";"Saída de pista";1;0;0;0;0;0;0;0;0;0;0;2;0;0;0
"19/12/2022";"05:26:00";"101";"Acidente s";"332";"BR-101/SC";"Norte";"Queda de moto";0;0;0;1;0;0;0;0;0;0;1;0;0;0;0
"19/12/2022";"09:11:00";"124";"Acidente s";"289";"BR-101/SC";"Sul";"Saída de pista";0;0;0;0;0;0;0;0;0;1;1;0;0;0;0
"19/12/2022";"11:20:00";"131";"Acidente s";"322";"BR-101/SC";"Norte";"Choque - Meio Fio";1;0;0;0;0;0;0;0;0;0;1;0;0;0;0
"20/12/2022";"12:06:00";"1";"Acidente s";"387";"BR-101/SC";"Sul";"Choque Defensa";1;0;0;0;0;0;0;0;0;0;1;0;0;0;0
"20/12/2022";"01:55:00";"6";"Acidente s";"353";"BR-101/SC";"Sul";"Saída de pista";1;0;0;0;0;0;0;0;0;0;1;0;0;0;0
"20/12/2022";"08:57:00";"109";"Atropelame";"306";"BR-101/SC";"Sul";"Atropelamento - Morador/Trabalhador/Estudante";1;0;0;1;0;0;0;0;0;0;1;0;0;0;1
"20/12/2022";"10:46:00";"114";"Acidente s";"455";"BR-101/SC";"Norte";"Choque com objeto sobre a pista";2;0;0;0;0;0;0;0;0;0;7;0;0;0;0
"21/12/2022";"04:17:00";"13";"Acidente s";"331";"BR-101/SC";"Norte";"Atropelamento de Animal";1;0;0;0;0;0;0;0;0;0;2;0;0;0;0
"21/12/2022";"11:52:00";"83";"Acidente s";"348";"BR-101/SC";"Sul";"Colisão - Traseira";1;0;0;0;0;0;0;0;0;1;3;0;0;0;0
"21/12/2022";"07:16:00";"122";"Acidente c";"344";"BR-101/SC";"Norte";"Colisão - Traseira";2;0;0;0;0;0;0;0;0;0;6;0;1;0;0
"22/12/2022";"02:20:00";"12";"Acidente s";"263";"BR-101/SC";"Norte";"Saída de pista";1;0;0;0;0;0;0;0;0;0;4;0;0;0;0
"22/12/2022";"07:01:00";"30";"Acidente c";"287";"BR-101/SC";"Norte";"Saída de pista";1;0;0;0;0;0;0;0;0;0;0;1;0;0;0
"22/12/2022";"08:53:00";"59";"Acidente s";"385";"BR-101/SC";"Norte";"Colisão - Traseira";2;0;0;0;0;0;0;0;0;0;3;0;0;0;0
"22/12/2022";"01:58:00";"92";"Acidente s";"336";"BR-101/SC";"Norte";"Colisão - Traseira";2;0;0;0;0;0;0;0;0;0;3;0;0;0;0
"22/12/2022";"02:35:00";"97";"Acidente s";"354";"BR-101/SC";"Norte";"Saída de pista";1;0;0;0;0;0;0;0;0;0;1;0;0;0;0
"22/12/2022";"04:53:00";"117";"Acidente s";"332.6";"BR-101/SC";"Norte";"Colisão - Traseira";2;0;0;0;0;0;0;0;0;0;2;0;0;0;0
"22/12/2022";"05:30:00";"122";"Acidente s";"279";"BR-101/SC";"Sul";"Queda de moto";0;0;0;1;0;0;0;0;0;0;1;0;0;0;0
"22/12/2022";"07:47:00";"137";"Atropelame";"296.8";"BR-101/SC";"Norte";"Atropelamento - Usuário";1;0;0;0;0;0;0;0;0;0;4;0;0;0;1
"23/12/2022";"12:15:00";"1";"Acidente s";"292";"BR-101/SC";"Norte";"Colisão - Traseira";1;0;0;0;0;0;0;1;0;0;5;0;0;0;0
"23/12/2022";"02:36:00";"8";"Acidente s";"388";"BR-101/SC";"Sul";"Saída de pista";1;0;0;0;0;0;0;0;0;0;1;0;0;0;0
"23/12/2022";"03:43:00";"13";"Acidente c";"435";"BR-101/SC";"Sul";"Colisão - Frontal";3;0;0;0;0;0;0;0;0;0;4;1;1;0;0
"23/12/2022";"04:31:00";"14";"Acidente c";"335";"BR-101/SC";"Sul";"Choque Barreira";1;0;0;0;0;0;0;0;0;0;1;2;0;0;0
"23/12/2022";"11:51:00";"86";"Acidente s";"420";"BR-101/SC";"Sul";"Colisão - Traseira";1;0;0;1;0;0;0;0;0;0;7;0;0;0;0
"23/12/2022";"03:02:00";"113";"Acidente s";"333.6";"BR-101/SC";"Norte";"Colisão - Traseira";2;0;0;0;0;0;0;0;0;0;2;0;0;0;0
"24/12/2022";"12:09:00";"1";"Acidente c";"328";"BR-101/SC";"Norte";"Colisão - Traseira";2;0;0;0;0;0;0;0;0;0;1;1;1;0;0
"24/12/2022";"05:47:00";"19";"Acidente s";"389";"BR-101/SC";"Norte";"Saída de pista";1;0;0;0;0;0;0;0;0;0;1;0;0;0;0
"24/12/2022";"08:27:00";"37";"Acidente s";"417.5";"BR-101/SC";"Norte";"Saída de pista";1;0;0;0;0;0;0;0;0;0;3;0;0;0;0
"25/12/2022";"02:52:00";"54";"Acidente c";"255";"BR-101/SC";"Sul";"Capotamento";3;0;0;0;0;0;0;0;0;0;1;3;1;0;0
"25/12/2022";"10:40:00";"103";"Acidente s";"464";"BR-101/SC";"Sul";"Saída de pista";1;0;0;0;0;0;0;0;0;0;5;0;0;0;0
"25/12/2022";"11:20:00";"104";"Acidente s";"404";"BR-101/SC";"Norte";"Saída de pista";1;0;0;0;0;0;0;0;0;0;1;0;0;0;0
"26/12/2022";"12:09:00";"1";"Acidente c";"419";"BR-101/SC";"Norte";"Saída de pista";1;0;0;0;0;0;0;0;0;0;0;1;0;0;0
"26/12/2022";"04:38:00";"12";"Acidente s";"456";"BR-101/SC";"Sul";"Saída de pista";0;0;0;0;0;0;0;0;0;1;1;0;0;0;0
"26/12/2022";"05:11:00";"14";"Acidente s";"246";"BR-101/SC";"Norte";"Saída de pista";1;0;0;0;0;0;0;0;0;0;5;0;0;0;0
"26/12/2022";"08:34:00";"41";"Acidente c";"438";"BR-101/SC";"Norte";"Colisão - Traseira";1;0;0;1;0;0;0;0;0;0;3;1;0;0;0
"26/12/2022";"04:11:00";"102";"Acidente c";"322";"BR-101/SC";"Norte";"Queda de moto";0;0;0;1;0;0;0;0;0;0;0;2;0;0;0
"27/12/2022";"02:07:00";"4";"Acidente s";"277";"BR-101/SC";"Sul";"Colisão - Traseira";1;0;0;0;0;0;0;0;0;1;3;0;0;0;0
"27/12/2022";"03:23:00";"5";"Acidente s";"344";"BR-101/SC";"Sul";"Saída de pista";1;0;0;0;0;0;0;0;0;0;4;0;0;0;0
"27/12/2022";"01:01:00";"77";"Acidente c";"331";"BR-101/SC";"Sul";"Queda de moto";0;0;0;1;0;0;0;0;0;0;0;1;0;0;0
"27/12/2022";"02:46:00";"85";"Acidente c";"266";"BR-101/SC";"Sul";"Colisão - Transversal";0;0;0;2;0;0;0;0;0;0;0;0;1;1;0
"27/12/2022";"03:58:00";"91";"Acidente c";"287";"BR-101/SC";"Norte";"Queda de moto";0;0;0;1;0;0;0;0;0;0;0;1;0;0;0
"27/12/2022";"04:40:00";"97";"Acidente s";"277";"BR-101/SC";"Sul";"Colisão - Frontal";1;0;0;0;0;0;0;0;0;0;1;0;0;0;0
"27/12/2022";"07:40:00";"114";"Acidente s";"315";"BR-101/SC";"Norte";"Colisão - Transversal";2;0;0;0;0;0;0;0;0;0;2;0;0;0;0
"27/12/2022";"09:49:00";"133";"Acidente s";"246";"BR-101/SC";"Norte";"Capotamento";1;0;0;0;0;0;0;0;0;0;1;0;0;0;0
"28/12/2022";"05:47:00";"11";"Acidente s";"298";"BR-101/SC";"Sul";"Colisão - Traseira";0;0;1;0;0;0;0;0;0;1;2;0;0;0;0
"28/12/2022";"08:13:00";"29";"Acidente c";"421";"BR-101/SC";"Norte";"Colisão - Traseira";2;0;0;0;0;0;0;0;0;0;2;1;0;0;0
"28/12/2022";"08:23:00";"31";"Acidente s";"252";"BR-101/SC";"Norte";"Saída de pista";1;0;0;0;0;0;0;0;0;0;0;1;0;0;0
"28/12/2022";"09:36:00";"50";"Acidente s";"264";"BR-101/SC";"Norte";"Choque Barreira";1;0;0;0;0;0;0;0;0;0;5;0;0;0;0
"28/12/2022";"10:58:00";"56";"Acidente s";"264";"BR-101/SC";"Norte";"Colisão - Traseira";0;0;0;0;0;0;0;1;0;1;3;0;0;0;0
"28/12/2022";"01:51:00";"70";"Acidente c";"448.41";"BR-101/SC";"Norte";"Colisão - Traseira";2;0;0;0;0;0;0;0;0;0;1;0;1;0;0
"28/12/2022";"02:33:00";"74";"Acidente s";"316";"BR-101/SC";"Norte";"Colisão - Traseira";2;0;0;0;0;0;0;0;0;0;6;0;0;0;0
"28/12/2022";"02:43:00";"75";"Acidente s";"449";"BR-101/SC";"Norte";"Colisão - Traseira";1;0;0;0;0;0;0;0;0;1;6;0;0;0;0
"28/12/2022";"03:47:00";"80";"Acidente s";"298";"BR-101/SC";"Norte";"Colisão - Traseira";1;0;0;0;0;0;0;0;0;1;3;0;0;0;0
"28/12/2022";"04:06:00";"81";"Acidente c";"282";"BR-101/SC";"Norte";"Saída de pista";1;0;0;0;0;0;0;0;0;0;0;0;1;0;0
"28/12/2022";"04:55:00";"89";"Acidente c";"291";"BR-101/SC";"Sul";"Colisão - Lateral";1;0;0;1;0;0;0;0;0;0;3;1;0;0;0
"29/12/2022";"06:57:00";"22";"Acidente s";"431";"BR-101/SC";"Sul";"Colisão - Traseira";0;0;0;0;0;0;0;0;0;2;27;0;0;0;0
"29/12/2022";"07:38:00";"37";"Acidente c";"321";"BR-101/SC";"Sul";"Queda de moto";1;0;0;0;0;0;0;0;0;0;0;1;0;0;0
"29/12/2022";"12:23:00";"78";"Acidente c";"403";"BR-101/SC";"Norte";"Colisão - Frontal";1;0;0;1;0;0;0;0;0;0;1;1;0;0;0
"29/12/2022";"12:53:00";"80";"Acidente c";"332";"BR-101/SC";"Sul";"Saída de pista";0;0;0;0;0;0;0;1;0;0;0;1;0;0;0
"29/12/2022";"01:36:00";"86";"Acidente c";"274";"BR-101/SC";"Sul";"Colisão - Traseira";1;0;0;1;0;0;0;0;0;1;4;0;1;0;0
"29/12/2022";"06:42:00";"118";"Acidente s";"334";"BR-101/SC";"Sul";"Colisão - Lateral";2;0;0;0;0;0;0;0;0;0;3;0;0;0;0
"29/12/2022";"07:33:00";"128";"Acidente s";"422";"BR-101/SC";"Norte";"Outros";1;0;0;0;0;0;0;0;0;0;2;0;0;0;0
"29/12/2022";"09:47:00";"144";"Acidente s";"334";"BR-101/SC";"Norte";"Choque Defensa";2;0;0;0;0;0;0;0;0;0;6;0;0;0;0
"29/12/2022";"10:16:00";"146";"Acidente s";"280";"BR-101/SC";"Norte";"Colisão - Traseira";2;0;0;0;0;0;0;0;0;0;6;0;0;0;0
"29/12/2022";"11:45:00";"154";"Acidente s";"396";"BR-101/SC";"Sul";"Saída de pista";1;0;0;0;0;0;0;0;0;0;2;0;0;0;0
"30/12/2022";"08:47:00";"25";"Acidente c";"406";"BR-101/SC";"Norte";"Colisão - Transversal";1;0;0;1;0;0;0;0;0;0;3;0;1;0;0
"30/12/2022";"10:22:00";"36";"Acidente s";"298";"BR-101/SC";"Sul";"Colisão - Traseira";1;0;0;0;0;0;0;2;0;0;5;0;0;0;0
"30/12/2022";"09:51:00";"123";"Atropelame";"399";"BR-101/SC";"Norte";"Atropelamento - Morador/Trabalhador/Estudante";1;0;0;0;0;0;0;0;0;0;1;1;0;0;0
"31/12/2022";"12:55:00";"3";"Acidente s";"378";"BR-101/SC";"Sul";"Saída de pista";1;0;0;0;0;0;0;0;0;0;1;0;0;0;0
"31/12/2022";"01:39:00";"6";"Acidente c";"423.1";"BR-101/SC";"Sul";"Capotamento";1;0;0;0;0;0;0;0;0;0;0;0;1;0;0
"31/12/2022";"02:20:00";"10";"Acidente c";"388";"BR-101/SC";"Sul";"Saída de pista";1;0;0;0;0;0;0;0;0;0;4;1;0;0;0
"31/12/2022";"04:10:00";"18";"Acidente s";"308";"BR-101/SC";"Sul";"Choque Barreira";1;0;0;0;0;0;0;0;0;0;2;0;0;0;0