data;horario;n_da_ocorrencia;tipo_de_ocorrencia;km;trecho;sentido;tipo_de_acidente;automovel;bicicleta;caminhao;moto;onibus;outros;tracao_animal;transporte_de_cargas_especiais;trator_maquinas;utilitarios;ilesos;levemente_feridos;moderadamente_feridos;gravemente_feridos;mortos
"24/01/2023";"06:11:00";"117";"Acidente s";"368";"BR-101/SC";"Sul";"Choque Defensa";1;0;0;0;0;0;0;0;0;0;2;0;0;0;0
"25/01/2023";"06:46:00";"21";"Acidente c";"436";"BR-101/SC";"Norte";"Queda de moto";0;0;0;1;0;0;0;0;0;0;1;1;0;0;0
"25/01/2023";"07:10:00";"26";"Acidente s";"269";"BR-101/SC";"Sul";"Colisão - Traseira";1;0;0;0;0;0;0;1;0;0;3;0;0;0;0
"25/01/2023";"10:39:00";"75";"Acidente s";"406.21";"BR-101/SC";"Norte";"Colisão - Traseira";2;0;0;0;0;0;0;0;0;0;7;0;0;0;0
"25/01/2023";"10:54:00";"77";"Acidente s";"382";"BR-101/SC";"Norte";"Colisão - Traseira";2;0;0;0;0;0;0;0;0;0;4;0;0;0;0
"25/01/2023";"12:14:00";"90";"Acidente s";"382";"BR-101/SC";"Sul";"Saída de pista";1;0;0;0;0;0;0;0;0;0;1;0;0;0;0
"25/01/2023";"12:37:00";"95";"Acidente s";"287";"BR-101/SC";"Norte";"Engavetamento";3;0;0;0;0;0;0;0;0;0;4;0;0;0;0
"25/01/2023";"12:43:00";"96";"Acidente s";"352";"BR-101/SC";"Sul";"Colisão - Lateral";1;0;0;0;0;0;0;1;0;0;2;0;0;0;0
"25/01/2023";"02:08:00";"106";"Acidente s";"405";"BR-101/SC";"Norte";"Colisão - Traseira";2;0;0;0;0;0;0;0;0;0;5;0;0;0;0
"25/01/2023";"06:37:00";"136";"Acidente c";"329";"BR-101/SC";"Norte";"Colisão - Traseira";1;0;0;1;0;0;0;0;0;0;2;1;0;0;0
"26/01/2023";"05:23:00";"16";"Acidente s";"406";"BR-101/SC";"Norte";"Choque Defensa";1;0;0;0;0;0;0;0;0;0;1;0;0;0;0
"26/01/2023";"10:18:00";"73";"Acidente c";"396";"BR-101/SC";"Sul";"Colisão - Traseira";3;0;0;0;0;0;0;0;0;0;2;0;1;0;0
"27/01/2023";"08:19:00";"37";"Acidente s";"304";"BR-101/SC";"Sul";"Choque Barreira";1;0;0;0;0;0;0;0;0;0;1;0;0;0;0
"27/01/2023";"08:44:00";"42";"Acidente s";"404";"BR-101/SC";"Sul";"Colisão - Traseira";5;0;0;0;0;0;0;0;0;0;8;0;0;0;0
"27/01/2023";"02:40:00";"87";"Acidente s";"286";"BR-101/SC";"Sul";"Engavetamento";4;0;0;0;0;0;0;0;0;0;14;0;0;0;0
"27/01/2023";"03:34:00";"93";"Atropelame";"298";"BR-101/SC";"Sul";"Atropelamento - Funcionário";0;0;0;0;0;0;0;0;0;1;2;0;0;0;0
"27/01/2023";"05:29:00";"107";"Acidente c";"278";"BR-101/SC";"Sul";"Colisão - Lateral";1;0;0;1;0;0;0;0;0;0;4;0;1;0;0
"27/01/2023";"05:44:00";"109";"Acidente c";"263";"BR-101/SC";"Norte";"Capotamento";1;0;0;0;0;0;0;0;0;0;0;0;0;1;0
"27/01/2023";"06:50:00";"118";"Acidente s";"336";"BR-101/SC";"Sul";"Colisão - Traseira";2;0;0;0;0;0;0;0;0;0;2;0;0;0;0
"27/01/2023";"10:04:00";"142";"Atropelame";"433";"BR-101/SC";"Sul";"Atropelamento - Esportista";0;0;0;2;0;0;0;0;0;0;0;2;0;0;0
"28/01/2023";"05:12:00";"97";"Acidente s";"436";"BR-101/SC";"Norte";"Colisão - Frontal";2;0;0;0;0;0;0;0;0;0;3;0;0;0;0
"28/01/2023";"06:17:00";"100";"Acidente s";"384";"BR-101/SC";"Sul";"Capotamento";1;0;0;0;0;0;0;0;0;0;2;0;0;0;0
"29/01/2023";"01:51:00";"6";"Acidente s";"344";"BR-101/SC";"Sul";"Choque Praça - Submarino";1;0;0;0;0;0;0;0;0;0;1;0;0;0;0
"29/01/2023";"03:02:00";"56";"Acidente s";"381";"BR-101/SC";"Sul";"Capotamento";1;0;0;0;0;0;0;0;0;0;4;0;0;0;0
"29/01/2023";"03:30:00";"59";"Acidente c";"323";"BR-101/SC";"Norte";"Capotamento";1;0;0;0;0;0;0;0;0;0;1;3;0;0;0
"29/01/2023";"04:44:00";"67";"Acidente s";"334";"BR-101/SC";"Sul";"Colisão - Lateral";2;0;0;0;0;0;0;0;0;0;4;0;0;0;0
"29/01/2023";"04:50:00";"68";"Acidente s";"314";"BR-101/SC";"Sul";"Engavetamento";3;0;0;0;0;0;0;0;0;0;5;0;0;0;0
"29/01/2023";"06:12:00";"72";"Acidente c";"317";"BR-101/SC";"Norte";"Engavetamento";3;0;0;1;0;0;0;0;0;0;3;1;0;0;0
"29/01/2023";"06:30:00";"76";"Acidente c";"408";"BR-101/SC";"Norte";"Choque Barreira";1;0;0;0;0;0;0;0;0;0;2;1;0;0;0
"29/01/2023";"09:43:00";"92";"Acidente s";"335";"BR-101/SC";"Sul";"Colisão - Traseira";2;0;0;0;0;0;0;0;0;0;2;0;0;0;0
"30/01/2023";"03:31:00";"9";"Acidente s";"371";"BR-101/SC";"Norte";"Saída de pista";1;0;0;0;0;0;0;0;0;0;1;0;0;0;0
"30/01/2023";"07:56:00";"30";"Acidente s";"329.11";"BR-101/SC";"Sul";"Colisão - Traseira";1;0;0;1;0;0;0;0;0;0;2;0;0;0;0
"30/01/2023";"08:05:00";"32";"Acidente c";"329.58";"BR-101/SC";"Sul";"Engavetamento";8;0;0;1;0;0;0;0;0;0;0;1;0;0;0
"30/01/2023";"08:12:00";"33";"Acidente s";"331";"BR-101/SC";"Sul";"Colisão - Traseira";2;0;0;0;0;0;0;0;0;0;2;0;0;0;0
"30/01/2023";"10:12:00";"63";"Acidente s";"367";"BR-101/SC";"Sul";"Colisão - Lateral";1;0;1;0;0;0;0;0;0;0;4;0;0;0;0
"30/01/2023";"11:02:00";"71";"Acidente s";"353";"BR-101/SC";"Norte";"Engavetamento";4;0;0;0;0;0;0;0;0;0;5;0;0;0;0
"30/01/2023";"12:54:00";"80";"Acidente s";"407";"BR-101/SC";"Norte";"Queda de ribanceira";1;0;0;0;0;0;0;0;0;0;2;0;0;0;0
"30/01/2023";"01:30:00";"84";"Acidente s";"264";"BR-101/SC";"Norte";"Choque Defensa";0;0;0;0;1;0;0;0;0;0;1;0;0;0;0
"30/01/2023";"02:33:00";"94";"Acidente s";"263";"BR-101/SC";"Norte";"Engavetamento";3;0;0;0;0;0;0;0;0;0;3;0;0;0;0
"30/01/2023";"02:42:00";"96";"Acidente s";"264";"BR-101/SC";"Norte";"Colisão - Traseira";2;0;0;0;0;0;0;0;0;0;2;0;0;0;0
"31/01/2023";"05:28:00";"10";"Acidente s";"257";"BR-101/SC";"Norte";"Tombamento";0;0;0;0;0;0;0;1;0;0;1;0;0;0;0
"31/01/2023";"09:45:00";"54";"Acidente s";"347";"BR-101/SC";"Sul";"Colisão - Traseira";1;0;0;0;0;0;0;1;0;0;1;0;0;0;0
"31/01/2023";"11:54:00";"75";"Acidente s";"264";"BR-101/SC";"Sul";"Colisão - Traseira";2;0;0;0;0;0;0;0;0;0;3;0;0;0;0
"31/01/2023";"12:06:00";"81";"Acidente s";"263.22";"BR-101/SC";"Norte";"Colisão - Traseira";1;0;0;0;0;0;0;1;0;0;3;0;0;0;0
"31/01/2023";"03:59:00";"108";"Acidente s";"384";"BR-101/SC";"Sul";"Choque com veículo no acostamento";1;0;1;0;0;0;0;0;0;0;3;0;0;0;0
"31/01/2023";"05:18:00";"116";"Acidente c";"334";"BR-101/SC";"Norte";"Colisão - Traseira";1;0;0;1;0;0;0;0;0;0;1;1;0;0;0
"31/01/2023";"08:54:00";"136";"Acidente s";"423";"BR-101/SC";"Norte";"Colisão - Lateral";1;0;1;0;0;0;0;0;0;0;7;0;0;0;0
"31/01/2023";"09:12:00";"138";"Acidente s";"298";"BR-101/SC";"Norte";"Colisão - Traseira";1;0;1;0;0;0;0;0;0;0;3;0;0;0;0
"01/02/2023";"04:07:00";"6";"Acidente s";"419";"BR-101/SC";"Norte";"Colisão - Traseira";2;0;0;0;0;0;0;0;0;0;2;0;0;0;0
"01/02/2023";"07:32:00";"25";"Acidente c";"336";"BR-101/SC";"Sul";"Colisão - Lateral";1;0;0;1;0;0;0;0;0;0;1;0;1;0;0
"02/02/2023";"12:11:00";"84";"Acidente s";"442.5";"BR-101/SC";"Norte";"Colisão - Transversal";2;0;0;0;0;0;0;0;0;0;5;0;0;0;0
"02/02/2023";"04:09:00";"115";"Acidente s";"382";"BR-101/SC";"Norte";"Queda de ribanceira";1;0;0;0;0;0;0;0;0;0;2;0;0;0;0
"02/02/2023";"06:36:00";"128";"Acidente s";"357";"BR-101/SC";"Sul";"Saída de pista";1;0;0;0;0;0;0;0;0;0;1;0;0;0;0
"02/02/2023";"11:05:00";"146";"Acidente s";"270";"BR-101/SC";"Norte";"Saída de pista";1;0;0;0;0;0;0;0;0;0;1;0;0;0;0
"02/02/2023";"11:11:00";"147";"Acidente c";"420";"BR-101/SC";"Norte";"Colisão - Traseira";1;0;0;1;0;0;0;0;0;0;4;0;0;1;0
"03/02/2023";"12:51:00";"2";"Acidente c";"389";"BR-101/SC";"Norte";"Colisão - Traseira";0;0;1;0;0;0;0;1;0;0;1;0;1;0;0
"03/02/2023";"04:53:00";"10";"Acidente c";"451";"BR-101/SC";"Sul";"Queda de ribanceira";1;0;0;0;0;0;0;0;0;1;1;0;0;0;1
"03/02/2023";"10:10:00";"56";"Acidente s";"251";"BR-101/SC";"Norte";"Capotamento";1;0;0;0;0;0;0;0;0;0;1;0;0;0;0
"03/02/2023";"02:05:00";"83";"Acidente c";"264";"BR-101/SC";"Norte";"Colisão - Transversal";1;0;0;1;0;0;0;0;0;0;1;0;1;0;0
"03/02/2023";"03:07:00";"87";"Acidente s";"326";"BR-101/SC";"Sul";"Colisão - Traseira";1;0;0;0;0;0;0;0;0;1;2;0;0;0;0
"03/02/2023";"05:34:00";"97";"Acidente s";"337";"BR-101/SC";"Norte";"Saída de pista";0;0;0;0;0;0;0;0;0;1;1;0;0;0;0
"03/02/2023";"06:22:00";"101";"Acidente c";"327";"BR-101/SC";"Norte";"Capotamento";1;0;0;0;0;0;0;0;0;0;0;2;0;0;0
"03/02/2023";"07:32:00";"107";"Acidente s";"406";"BR-101/SC";"Norte";"Capotamento";1;0;0;0;0;0;0;0;0;0;1;0;0;0;0
"04/02/2023";"12:32:00";"2";"Acidente c";"431";"BR-101/SC";"Norte";"Colisão - Traseira";1;0;1;0;0;0;0;0;0;0;2;2;1;0;0
"04/02/2023";"01:15:00";"3";"Acidente s";"367";"BR-101/SC";"Sul";"Saída de pista";1;0;0;0;0;0;0;0;0;0;1;0;0;0;0
"04/02/2023";"03:04:00";"9";"Acidente s";"379";"BR-101/SC";"Norte";"Colisão - Lateral";2;0;0;0;0;0;0;0;0;0;4;0;0;0;0
"04/02/2023";"08:05:00";"32";"Acidente s";"314";"BR-101/SC";"Norte";"Choque Barreira";1;0;0;0;0;0;0;0;0;0;5;0;0;0;0
"04/02/2023";"01:59:00";"68";"Acidente s";"400";"BR-101/SC";"Norte";"Saída de pista";1;0;0;0;0;0;0;0;0;0;1;0;0;0;0
"05/02/2023";"05:05:00";"13";"Acidente s";"344";"BR-101/SC";"Norte";"Choque Defensa";1;0;0;0;0;0;0;0;0;0;3;0;0;0;0
"05/02/2023";"05:14:00";"14";"Acidente s";"306";"BR-101/SC";"Norte";"Choque Defensa";1;0;0;0;0;0;0;0;0;0;1;0;0;0;0
"05/02/2023";"01:21:00";"53";"Acidente s";"458";"BR-101/SC";"Norte";"Choque Praça - Submarino";1;0;0;0;0;0;0;0;0;0;3;0;0;0;0
"05/02/2023";"06:31:00";"84";"Acidente s";"405";"BR-101/SC";"Norte";"Colisão - Traseira";2;0;0;0;0;0;0;0;0;0;9;0;0;0;0
"05/02/2023";"06:57:00";"90";"Acidente s";"321";"BR-101/SC";"Sul";"Colisão - Traseira";2;0;0;0;0;0;0;0;0;0;6;0;0;0;0
"05/02/2023";"07:14:00";"91";"Acidente c";"359";"BR-101/SC";"Norte";"Capotamento";1;0;0;0;0;0;0;0;0;0;1;1;1;0;0
"05/02/2023";"08:23:00";"99";"Acidente s";"313";"BR-101/SC";"Sul";"Choque Defensa";1;0;0;0;0;0;0;0;0;0;2;0;0;0;0
"05/02/2023";"08:27:00";"100";"Acidente s";"320";"BR-101/SC";"Sul";"Colisão - Traseira";2;0;0;0;0;0;0;0;0;0;2;0;0;0;0
"05/02/2023";"09:56:00";"109";"Acidente s";"272";"BR-101/SC";"Sul";"Saída de pista";1;0;0;0;0;0;0;0;0;0;1;0;0;0;0
"06/02/2023";"12:55:00";"4";"Acidente s";"344";"BR-101/SC";"Sul";"Saída de pista";1;0;0;0;0;0;0;0;0;0;2;0;0;0;0
"06/02/2023";"01:47:00";"7";"Acidente s";"411";"BR-101/SC";"Norte";"Saída de pista";1;0;0;0;0;0;0;0;0;0;4;0;0;0;0
"06/02/2023";"07:40:00";"28";"Atropelame";"446";"BR-101/SC";"Sul";"Atrolemento";1;0;0;0;0;0;0;0;0;0;1;0;1;0;0
"06/02/2023";"11:19:00";"65";"Acidente s";"347";"BR-101/SC";"Sul";"Colisão - Traseira";2;0;0;0;0;0;0;0;0;0;5;0;0;0;0
"06/02/2023";"12:06:00";"69";"Acidente s";"458";"BR-101/SC";"Sul";"Colisão - Traseira";2;0;0;0;0;0;0;0;0;0;4;0;0;0;0
"06/02/2023";"12:18:00";"71";"Acidente s";"453";"BR-101/SC";"Norte";"Colisão - Frontal";2;0;0;0;0;0;0;0;0;0;3;0;0;0;0
"06/02/2023";"03:33:00";"96";"Acidente s";"347.58";"BR-101/SC";"Sul";"Colisão - Traseira";3;0;0;0;0;0;0;0;0;0;7;0;0;0;0
"07/02/2023";"02:08:00";"3";"Acidente s";"442";"BR-101/SC";"Norte";"Atropelamento de Animal";1;0;0;0;0;0;0;0;0;0;1;0;0;0;0
"07/02/2023";"04:03:00";"6";"Acidente s";"344";"BR-101/SC";"Sul";"Queda de ribanceira";1;0;0;0;0;0;0;0;0;0;1;0;0;0;0
"07/02/2023";"11:50:00";"74";"Acidente s";"445";"BR-101/SC";"Sul";"Colisão - Traseira";1;0;0;0;0;0;0;1;0;0;3;0;0;0;0
"07/02/2023";"02:08:00";"87";"Acidente s";"371";"BR-101/SC";"Norte";"Choque Defensa";1;0;0;0;0;0;0;0;0;0;2;0;0;0;0
"07/02/2023";"09:34:00";"127";"Acidente s";"404";"BR-101/SC";"Norte";"Saída de pista";1;0;0;0;0;0;0;0;0;0;1;0;0;0;0
"08/02/2023";"12:30:00";"2";"Acidente c";"360";"BR-101/SC";"Norte";"Choque com objeto sobre a pista";1;0;0;0;0;0;0;0;0;0;4;1;0;0;0
"08/02/2023";"07:17:00";"31";"Acidente s";"334";"BR-101/SC";"Sul";"Saída de pista";1;0;0;0;0;0;0;0;0;0;1;0;0;0;0
"08/02/2023";"09:46:00";"72";"Acidente c";"426";"BR-101/SC";"Norte";"Queda de moto";0;0;0;1;0;0;0;0;0;0;0;2;0;0;0
"08/02/2023";"04:41:00";"126";"Acidente s";"251";"BR-101/SC";"Sul";"Saída de pista";1;0;0;0;0;0;0;0;0;0;2;0;0;0;0
"08/02/2023";"05:57:00";"134";"Acidente s";"298";"BR-101/SC";"Sul";"Choque Defensa";1;0;0;0;0;0;0;0;0;0;2;0;0;0;0
"09/02/2023";"04:13:00";"4";"Acidente c";"267.15";"BR-101/SC";"Norte";"Capotamento";1;0;0;0;0;0;0;0;0;0;1;0;1;0;0
"09/02/2023";"04:08:00";"117";"Acidente s";"410";"BR-101/SC";"Sul";"Saída de pista";0;0;0;0;0;0;0;0;0;1;1;0;0;0;0
"09/02/2023";"08:42:00";"141";"Acidente s";"344";"BR-101/SC";"Sul";"Saída de pista";1;0;0;0;0;0;0;0;0;0;1;0;0;0;0
"10/02/2023";"09:41:00";"54";"Acidente c";"390";"BR-101/SC";"Sul";"Engavetamento";3;0;0;0;0;0;0;0;0;1;6;0;1;0;0
"10/02/2023";"08:23:00";"128";"Acidente s";"327";"BR-101/SC";"Norte";"Colisão - Lateral";2;0;0;0;0;0;0;0;0;0;4;0;0;0;0
"11/02/2023";"04:48:00";"22";"Acidente s";"423";"BR-101/SC";"Sul";"Queda de ribanceira";1;0;0;0;0;0;0;0;0;0;1;0;0;0;0
"11/02/2023";"05:18:00";"24";"Acidente c";"308";"BR-101/SC";"Norte";"Colisão - Traseira";1;0;0;1;0;0;0;0;0;0;1;1;0;0;0
"11/02/2023";"08:50:00";"104";"Acidente c";"416";"BR-101/SC";"Sul";"Colisão - Transversal";1;0;0;1;0;0;0;0;0;0;2;0;1;0;0
"12/02/2023";"12:17:00";"2";"Acidente s";"448";"BR-101/SC";"Sul";"Atropelamento de Animal";0;0;0;0;0;0;0;0;0;1;58;0;0;0;0
"12/02/2023";"03:39:00";"11";"Acidente s";"305";"BR-101/SC";"Sul";"Queda de ribanceira";1;0;0;0;0;0;0;0;0;0;2;0;0;0;0
"12/02/2023";"04:07:00";"13";"Acidente s";"457";"BR-101/SC";"Sul";"Atropelamento de Animal";1;0;0;0;0;0;0;0;0;0;2;0;0;0;0
"12/02/2023";"09:03:00";"34";"Acidente s";"344";"BR-101/SC";"Sul";"Colisão - Traseira";2;0;0;0;0;0;0;0;0;0;2;0;0;0;0
"12/02/2023";"04:23:00";"85";"Acidente s";"296";"BR-101/SC";"Sul";"Colisão - Lateral";2;0;0;0;0;0;0;0;0;0;2;0;0;0;0
"12/02/2023";"05:00:00";"93";"Acidente c";"335";"BR-101/SC";"Norte";"Capotamento";1;0;0;0;0;0;0;0;0;0;2;2;0;0;0
"12/02/2023";"05:10:00";"94";"Acidente s";"295";"BR-101/SC";"Sul";"Engavetamento";4;0;0;0;0;0;0;0;0;0;7;0;0;0;0
"12/02/2023";"06:15:00";"100";"Acidente s";"312";"BR-101/SC";"Sul";"Colisão - Traseira";2;0;0;0;0;0;0;0;0;0;6;0;0;0;0
"12/02/2023";"06:28:00";"103";"Acidente c";"317";"BR-101/SC";"Sul";"Colisão - Traseira";3;0;0;0;0;0;0;0;0;0;10;1;0;0;0
"12/02/2023";"11:32:00";"133";"Acidente c";"276";"BR-101/SC";"Sul";"Choque Barreira";1;0;0;0;0;0;0;0;0;0;0;1;0;0;0
"13/02/2023";"02:04:00";"8";"Acidente c";"354";"BR-101/SC";"Norte";"Colisão - Traseira";0;0;0;0;0;0;0;1;0;1;42;1;0;0;1
"13/02/2023";"12:15:00";"79";"Atropelame";"387";"BR-101/SC";"Sul";"Colisão - Traseira";2;0;0;0;0;0;0;0;0;0;5;1;0;0;0
"13/02/2023";"03:08:00";"118";"Acidente c";"357";"BR-101/SC";"Sul";"Capotamento";1;0;0;0;0;0;0;0;0;0;4;0;1;0;0
"13/02/2023";"06:43:00";"141";"Acidente s";"331";"BR-101/SC";"Sul";"Engavetamento";3;0;0;0;0;0;0;0;0;0;4;0;0;0;0
"13/02/2023";"07:20:00";"143";"Acidente s";"337";"BR-101/SC";"Norte";"Colisão - Lateral";1;0;0;0;0;0;0;0;0;1;3;0;0;0;0
"14/02/2023";"07:20:00";"33";"Acidente c";"311";"BR-101/SC";"Norte";"Queda de moto";0;0;0;1;0;0;0;0;0;0;0;1;0;0;0
"14/02/2023";"08:53:00";"59";"Acidente s";"436";"BR-101/SC";"Sul";"Colisão - Lateral";1;0;1;0;0;0;0;0;0;0;2;0;0;0;0
"14/02/2023";"10:04:00";"73";"Acidente c";"311";"BR-101/SC";"Sul";"Colisão - Lateral";2;0;0;0;0;0;0;0;0;0;3;1;0;0;0
"14/02/2023";"03:05:00";"116";"Acidente s";"426";"BR-101/SC";"Sul";"Colisão - Transversal";0;0;0;0;0;0;0;0;0;2;3;0;0;0;0
"14/02/2023";"07:42:00";"141";"Acidente c";"284";"BR-101/SC";"Norte";"Queda de moto";0;0;0;1;0;0;0;0;0;0;0;1;0;0;0
"14/02/2023";"09:45:00";"148";"Acidente s";"464";"BR-101/SC";"Norte";"Saída de pista";1;0;0;0;0;0;0;0;0;0;2;0;0;0;0
"15/02/2023";"07:42:00";"36";"Acidente s";"341";"BR-101/SC";"Sul";"Engavetamento";1;0;0;2;0;0;0;0;0;0;3;0;0;0;0
"15/02/2023";"12:21:00";"69";"Acidente c";"348";"BR-101/SC";"Sul";"Tombamento";0;0;0;0;0;0;0;1;0;0;0;1;0;0;0
"15/02/2023";"03:55:00";"96";"Acidente s";"404";"BR-101/SC";"Sul";"Colisão - Traseira";1;0;0;0;0;0;0;0;0;1;3;0;0;0;0
"16/02/2023";"01:30:00";"6";"Acidente s";"285";"BR-101/SC";"Norte";"Saída de pista";1;0;0;0;0;0;0;0;0;0;1;0;0;0;0
"16/02/2023";"12:56:00";"84";"Acidente c";"298";"BR-101/SC";"Sul";"Engavetamento";3;0;0;0;0;0;0;0;0;0;6;1;0;0;0
"16/02/2023";"04:07:00";"102";"Acidente s";"405";"BR-101/SC";"Norte";"Saída de pista";1;0;0;0;0;0;0;0;0;0;1;0;0;0;0
"16/02/2023";"04:10:00";"103";"Acidente c";"425";"BR-101/SC";"Norte";"Queda de moto";0;0;0;1;0;0;0;0;0;0;0;1;0;0;0
"16/02/2023";"05:32:00";"108";"Acidente s";"406";"BR-101/SC";"Norte";"Queda de ribanceira";0;0;0;0;0;0;0;1;0;0;1;0;0;0;0
"16/02/2023";"11:43:00";"129";"Acidente c";"357";"BR-101/SC";"Sul";"Tombamento";0;0;0;0;0;0;0;1;0;0;0;0;0;1;0
"17/02/2023";"09:08:00";"39";"Acidente s";"344";"BR-101/SC";"Norte";"Colisão - Traseira";2;0;0;0;0;0;0;0;0;0;5;0;0;0;0
"17/02/2023";"10:27:00";"49";"Acidente c";"328";"BR-101/SC";"Norte";"Colisão - Traseira";2;0;0;0;0;0;0;0;0;0;6;0;1;0;0
"17/02/2023";"11:11:00";"58";"Acidente s";"332";"BR-101/SC";"Norte";"Choque Defensa";1;0;0;0;0;0;0;0;0;0;2;0;0;0;0
"17/02/2023";"03:16:00";"89";"Acidente s";"256";"BR-101/SC";"Norte";"Saída de pista";1;0;0;0;0;0;0;0;0;0;3;0;0;0;0
"17/02/2023";"04:33:00";"99";"Acidente c";"335";"BR-101/SC";"Norte";"Colisão - Traseira";1;0;0;1;0;0;0;0;0;0;1;1;0;0;0
"17/02/2023";"05:51:00";"109";"Acidente s";"338";"BR-101/SC";"Norte";"Colisão - Traseira";1;0;0;0;0;0;0;0;0;1;3;0;0;0;0
"17/02/2023";"07:08:00";"119";"Acidente s";"334";"BR-101/SC";"Norte";"Colisão - Traseira";2;0;0;0;0;0;0;0;0;0;5;0;0;0;0
"17/02/2023";"07:30:00";"124";"Acidente s";"266";"BR-101/SC";"Norte";"Saída de pista";1;0;0;0;0;0;0;0;0;0;2;0;0;0;0
"17/02/2023";"07:38:00";"127";"Acidente s";"298";"BR-101/SC";"Sul";"Colisão - Traseira";1;0;0;0;0;0;0;0;0;1;2;0;0;0;0
"17/02/2023";"08:55:00";"134";"Acidente s";"334";"BR-101/SC";"Norte";"Choque Defensa";1;0;0;0;0;0;0;0;0;0;1;0;0;0;0
"18/02/2023";"12:13:00";"2";"Acidente s";"269";"BR-101/SC";"Norte";"Saída de pista";1;0;0;0;0;0;0;0;0;0;1;0;0;0;0
"18/02/2023";"03:42:00";"17";"Acidente s";"282";"BR-101/SC";"Norte";"Saída de pista";1;0;0;0;0;0;0;0;0;0;1;0;0;0;0
"18/02/2023";"03:59:00";"19";"Acidente s";"404";"BR-101/SC";"Norte";"Colisão - Traseira";2;0;0;0;0;0;0;0;0;0;5;0;0;0;0
"18/02/2023";"05:21:00";"27";"Acidente s";"322";"BR-101/SC";"Sul";"Colisão - Lateral";2;0;0;0;0;0;0;0;0;0;2;0;0;0;0
"18/02/2023";"09:13:00";"53";"Acidente s";"251";"BR-101/SC";"Norte";"Colisão - Lateral";2;0;0;0;0;0;0;0;0;0;6;0;0;0;0
"18/02/2023";"10:29:00";"61";"Acidente s";"332";"BR-101/SC";"Norte";"Colisão - Traseira";2;0;0;0;0;0;0;0;0;0;2;0;0;0;0
"18/02/2023";"10:49:00";"63";"Acidente s";"332";"BR-101/SC";"Norte";"Colisão - Traseira";2;0;0;0;0;0;0;0;0;0;3;0;0;0;0
"18/02/2023";"06:19:00";"115";"Acidente s";"344";"BR-101/SC";"Norte";"Colisão - Transversal";2;0;0;0;0;0;0;0;0;0;5;0;0;0;0
"19/02/2023";"01:18:00";"3";"Acidente s";"337";"BR-101/SC";"Norte";"Saída de pista";1;0;0;0;0;0;0;0;0;0;1;0;0;0;0
"19/02/2023";"03:53:00";"10";"Acidente s";"419";"BR-101/SC";"Norte";"Colisão - Traseira";2;0;0;0;0;0;0;0;0;0;4;0;0;0;0
"19/02/2023";"05:24:00";"14";"Acidente s";"354";"BR-101/SC";"Norte";"Saída de pista";1;0;0;0;0;0;0;0;0;0;4;0;0;0;0
"19/02/2023";"06:30:00";"22";"Acidente s";"344";"BR-101/SC";"Sul";"Queda de moto";0;0;0;1;0;0;0;0;0;0;2;0;0;0;0
"19/02/2023";"09:45:00";"43";"Acidente s";"264";"BR-101/SC";"Sul";"Capotamento";1;0;0;0;0;0;0;0;0;0;3;0;0;0;0
"19/02/2023";"10:12:00";"46";"Acidente c";"336";"BR-101/SC";"Sul";"Queda de moto";0;0;0;1;0;0;0;0;0;0;1;0;0;1;0
"19/02/2023";"04:34:00";"80";"Acidente c";"284";"BR-101/SC";"Norte";"Choque Defensa";1;0;0;0;0;0;0;0;0;0;2;2;0;0;0
"19/02/2023";"05:25:00";"84";"Acidente s";"351";"BR-101/SC";"Norte";"Colisão - Traseira";1;0;0;0;0;0;0;1;0;0;8;0;0;0;0
"19/02/2023";"07:33:00";"99";"Acidente c";"380";"BR-101/SC";"Sul";"Colisão - Frontal";1;0;0;1;0;0;0;0;0;0;3;0;1;0;0
"19/02/2023";"07:49:00";"100";"Atropelame";"296";"BR-101/SC";"Sul";"Atropelamento - Morador/Trabalhador/Estudante";1;0;0;1;0;0;0;0;0;0;1;0;1;0;0
"20/02/2023";"01:51:00";"5";"Acidente s";"323";"BR-101/SC";"Sul";"Saída de pista";1;0;0;0;0;0;0;0;0;0;4;1;0;0;0
"20/02/2023";"05:52:00";"15";"Acidente s";"388";"BR-101/SC";"Sul";"Saída de pista";1;0;0;0;0;0;0;0;0;0;4;0;0;0;0
"20/02/2023";"06:53:00";"18";"Acidente c";"378";"BR-101/SC";"Sul";"Colisão - Traseira";1;0;0;0;0;0;0;0;0;1;2;2;0;0;0
"20/02/2023";"07:17:00";"19";"Acidente s";"450";"BR-101/SC";"Sul";"Colisão - Traseira";1;0;0;0;0;0;0;1;0;0;5;0;0;0;0
"20/02/2023";"09:50:00";"28";"Acidente c";"410";"BR-101/SC";"Norte";"Queda de moto";0;0;0;1;0;0;0;0;0;0;1;0;1;0;0
"20/02/2023";"11:00:00";"35";"Acidente c";"326";"BR-101/SC";"Sul";"Colisão - Traseira";2;0;0;0;0;0;0;0;0;0;5;1;0;0;0
"20/02/2023";"11:04:00";"36";"Acidente s";"325";"BR-101/SC";"Sul";"Engavetamento";3;0;0;0;0;0;0;0;0;0;8;0;0;0;0
"20/02/2023";"11:42:00";"40";"Acidente s";"409";"BR-101/SC";"Sul";"Saída de pista";1;0;0;0;0;0;0;0;0;0;1;0;0;0;0