data;horario;n_da_ocorrencia;tipo_de_ocorrencia;km;trecho;sentido;tipo_de_acidente;automovel;bicicleta;caminhao;moto;onibus;outros;tracao_animal;transporte_de_cargas_especiais;trator_maquinas;utilitarios;ilesos;levemente_feridos;moderadamente_feridos;gravemente_feridos;mortos
"20/02/2023";"12:58:00";"47";"Acidente s";"262";"BR-101/SC";"Sul";"Colisão - Traseira";1;0;1;0;0;0;0;0;0;0;3;0;0;0;0
"20/02/2023";"01:40:00";"53";"Acidente s";"360";"BR-101/SC";"Sul";"Saída de pista";1;0;0;0;0;0;0;0;0;0;1;0;0;0;0
"20/02/2023";"01:49:00";"54";"Acidente c";"462";"BR-101/SC";"Sul";"Capotamento";1;0;0;0;0;0;0;0;0;0;2;2;0;1;0
"20/02/2023";"02:03:00";"56";"Acidente s";"335";"BR-101/SC";"Sul";"Saída de pista";1;0;0;0;0;0;0;0;0;0;1;0;0;0;0
"20/02/2023";"03:24:00";"66";"Acidente c";"356";"BR-101/SC";"Norte";"Queda de moto";0;0;0;1;0;0;0;0;0;0;0;2;0;0;0
"20/02/2023";"06:16:00";"87";"Acidente s";"453";"BR-101/SC";"Norte";"Saída de pista";1;0;0;0;0;0;0;0;0;0;1;0;0;0;0
"20/02/2023";"06:58:00";"93";"Acidente s";"360";"BR-101/SC";"Sul";"Choque Barreira";1;0;0;0;0;0;0;0;0;0;2;0;0;0;0
"20/02/2023";"08:10:00";"100";"Acidente s";"346";"BR-101/SC";"Norte";"Saída de pista";1;0;0;0;0;0;0;0;0;0;2;0;0;0;0
"21/02/2023";"07:33:00";"19";"Acidente s";"282";"BR-101/SC";"Sul";"Saída de pista";1;0;0;0;0;0;0;0;0;0;2;0;0;0;0
"21/02/2023";"08:27:00";"24";"Acidente s";"330";"BR-101/SC";"Sul";"Colisão - Traseira";2;0;0;0;0;0;0;0;0;0;2;0;0;0;0
"21/02/2023";"10:49:00";"34";"Acidente s";"317";"BR-101/SC";"Sul";"Colisão - Traseira";2;0;0;0;0;0;0;0;0;0;2;0;0;0;0
"21/02/2023";"10:58:00";"35";"Acidente s";"273";"BR-101/SC";"Sul";"Colisão - Traseira";3;0;0;0;0;0;0;0;0;0;3;0;0;0;0
"21/02/2023";"11:06:00";"36";"Acidente s";"298";"BR-101/SC";"Sul";"Engavetamento";3;0;0;0;0;0;0;0;0;0;3;0;0;0;0
"21/02/2023";"01:30:00";"48";"Acidente s";"446";"BR-101/SC";"Sul";"Colisão - Lateral";2;0;0;0;0;0;0;0;0;0;2;0;0;0;0
"21/02/2023";"02:59:00";"53";"Acidente s";"315";"BR-101/SC";"Sul";"Colisão - Traseira";2;0;0;0;0;0;0;0;0;0;2;0;0;0;0
"21/02/2023";"03:06:00";"54";"Acidente s";"267";"BR-101/SC";"Sul";"Colisão - Traseira";2;0;0;0;0;0;0;1;0;0;3;0;0;0;0
"21/02/2023";"04:00:00";"61";"Acidente c";"315";"BR-101/SC";"Sul";"Colisão - Traseira";1;0;1;0;0;0;0;0;0;0;2;1;0;0;0
"21/02/2023";"04:29:00";"65";"Acidente s";"395";"BR-101/SC";"Sul";"Engavetamento";3;0;0;0;0;0;0;0;0;0;10;0;0;0;0
"21/02/2023";"05:12:00";"70";"Acidente s";"392";"BR-101/SC";"Sul";"Engavetamento";3;0;0;0;0;0;0;0;0;0;9;0;0;0;0
"21/02/2023";"05:42:00";"73";"Acidente s";"441";"BR-101/SC";"Sul";"Colisão - Traseira";1;0;1;0;0;0;0;0;0;0;3;0;0;0;0
"21/02/2023";"09:07:00";"94";"Acidente s";"378";"BR-101/SC";"Sul";"Saída de pista";1;0;0;0;0;0;0;0;0;0;2;0;0;0;0
"21/02/2023";"09:53:00";"98";"Acidente s";"404";"BR-101/SC";"Sul";"Colisão - Traseira";1;0;0;0;0;0;0;1;0;0;2;0;0;0;0
"22/02/2023";"02:15:00";"5";"Acidente s";"266";"BR-101/SC";"Norte";"Saída de pista";1;0;0;0;0;0;0;0;0;0;2;0;0;0;0
"22/02/2023";"11:39:00";"71";"Acidente c";"336";"BR-101/SC";"Norte";"Saída de pista";1;0;0;0;0;0;0;0;0;0;0;1;0;0;0
"22/02/2023";"11:40:00";"72";"Acidente s";"415";"BR-101/SC";"Norte";"Choque Defensa";1;0;0;0;0;0;0;0;0;0;1;0;0;0;0
"22/02/2023";"12:57:00";"77";"Acidente c";"350";"BR-101/SC";"Norte";"Queda de moto";0;0;0;1;0;0;0;0;0;0;0;1;0;0;0
"22/02/2023";"06:04:00";"108";"Acidente s";"320";"BR-101/SC";"Norte";"Colisão - Lateral";1;0;0;0;0;0;0;0;0;1;4;0;0;0;0
"23/02/2023";"07:08:00";"15";"Acidente s";"327";"BR-101/SC";"Sul";"Colisão - Traseira";1;0;0;1;0;0;0;0;0;0;2;0;0;0;0
"23/02/2023";"11:35:00";"54";"Acidente c";"257";"BR-101/SC";"Norte";"Capotamento";1;0;0;0;0;0;0;0;0;0;0;3;2;0;0
"23/02/2023";"04:25:00";"81";"Acidente s";"344";"BR-101/SC";"Sul";"Saída de pista";1;0;0;0;0;0;0;0;0;0;2;0;0;0;0
"23/02/2023";"05:41:00";"88";"Acidente c";"364";"BR-101/SC";"Sul";"Saída de pista";1;0;0;0;0;0;0;0;0;0;0;1;0;0;0
"23/02/2023";"08:30:00";"101";"Acidente s";"344";"BR-101/SC";"Norte";"Saída de pista";1;0;0;0;0;0;0;0;0;0;4;0;0;0;0
"24/02/2023";"10:38:00";"57";"Acidente s";"259";"BR-101/SC";"Norte";"Saída de pista";1;0;0;0;0;0;0;0;0;0;2;0;0;0;0
"24/02/2023";"10:45:00";"59";"Acidente s";"336";"BR-101/SC";"Sul";"Colisão - Traseira";0;0;1;0;0;0;0;0;0;1;2;0;0;0;0
"24/02/2023";"06:59:00";"104";"Acidente s";"419";"BR-101/SC";"Norte";"Queda de moto";0;0;0;1;0;0;0;0;0;0;2;0;0;0;0
"25/02/2023";"12:51:00";"2";"Acidente s";"344";"BR-101/SC";"Sul";"Saída de pista";0;0;0;0;0;0;0;1;0;0;1;0;0;0;0
"25/02/2023";"02:01:00";"5";"Acidente s";"361";"BR-101/SC";"Sul";"Choque Barreira";1;0;0;0;0;0;0;0;0;0;1;0;0;0;0
"25/02/2023";"02:14:00";"6";"Acidente s";"317";"BR-101/SC";"Sul";"Queda de ribanceira";1;0;0;0;0;0;0;0;0;0;1;0;0;0;0
"25/02/2023";"03:10:00";"8";"Acidente c";"430";"BR-101/SC";"Norte";"Saída de pista";1;0;0;0;0;0;0;0;0;0;0;1;0;0;0
"25/02/2023";"06:06:00";"14";"Acidente s";"280";"BR-101/SC";"Sul";"Colisão - Lateral";1;0;1;0;0;0;0;0;0;0;2;0;0;0;0
"25/02/2023";"08:36:00";"39";"Acidente s";"461";"BR-101/SC";"Sul";"Saída de pista";1;0;0;0;0;0;0;0;0;0;3;0;0;0;0
"25/02/2023";"11:42:00";"64";"Atropelame";"404";"BR-101/SC";"Norte";"Atropelamento";0;0;1;0;0;0;0;0;0;0;2;0;0;0;0
"25/02/2023";"09:08:00";"117";"Acidente s";"364";"BR-101/SC";"Norte";"Colisão - Traseira";1;0;0;0;0;0;0;0;0;1;2;0;0;0;0
"25/02/2023";"11:59:00";"128";"Acidente s";"247";"BR-101/SC";"Norte";"Choque Defensa";0;0;0;0;0;0;0;0;0;1;1;0;0;0;0
"26/02/2023";"12:19:00";"1";"Atropelame";"351";"BR-101/SC";"Norte";"Atropelamento - Esportista";1;0;0;1;0;0;0;0;0;0;5;0;0;1;0
"26/02/2023";"01:25:00";"4";"Acidente s";"384";"BR-101/SC";"Sul";"Capotamento";1;0;0;0;0;0;0;0;0;0;1;0;0;0;0
"26/02/2023";"05:31:00";"67";"Acidente s";"338";"BR-101/SC";"Norte";"Capotamento";1;0;0;0;0;0;0;0;0;0;1;0;0;0;0
"26/02/2023";"06:04:00";"69";"Acidente s";"404";"BR-101/SC";"Norte";"Colisão - Traseira";2;0;0;0;0;0;0;0;0;0;5;0;0;0;0
"26/02/2023";"07:52:00";"75";"Acidente s";"346";"BR-101/SC";"Norte";"Saída de pista";1;0;0;0;0;0;0;0;0;0;4;0;0;0;0
"26/02/2023";"09:25:00";"83";"Acidente s";"376";"BR-101/SC";"Norte";"Saída de pista";1;0;0;0;0;0;0;0;0;0;2;0;0;0;0
"27/02/2023";"05:07:00";"11";"Acidente c";"434";"BR-101/SC";"Norte";"Queda de moto";0;0;0;1;0;0;0;0;0;0;0;0;1;0;0
"27/02/2023";"12:01:00";"79";"Acidente s";"278";"BR-101/SC";"Norte";"Colisão - Traseira";1;0;0;0;0;0;0;0;0;1;4;0;0;0;0
"27/02/2023";"06:00:00";"121";"Acidente s";"448";"BR-101/SC";"Norte";"Colisão - Lateral";1;0;0;0;0;0;0;0;0;1;3;0;0;0;0
"28/02/2023";"10:46:00";"76";"Acidente s";"335";"BR-101/SC";"Sul";"Colisão - Traseira";2;0;0;0;0;0;0;0;0;0;5;0;0;0;0
"28/02/2023";"02:07:00";"101";"Acidente c";"456";"BR-101/SC";"Norte";"Saída de pista";0;0;0;0;0;0;0;0;0;1;0;1;0;0;0
"28/02/2023";"02:09:00";"102";"Acidente s";"298";"BR-101/SC";"Norte";"Colisão - Traseira";1;0;0;0;0;0;0;0;0;1;2;0;0;0;0
"28/02/2023";"05:06:00";"116";"Acidente c";"275";"BR-101/SC";"Norte";"Colisão - Traseira";1;0;0;0;0;0;0;1;0;0;1;3;2;0;0
"28/02/2023";"06:26:00";"124";"Acidente s";"334";"BR-101/SC";"Norte";"Choque Barreira";1;0;0;0;0;0;0;0;0;0;1;0;0;0;0
"01/03/2023";"07:55:00";"33";"Acidente s";"328";"BR-101/SC";"Sul";"Colisão - Traseira";2;0;0;0;0;0;0;0;0;0;2;0;0;0;0
"01/03/2023";"12:35:00";"89";"Acidente s";"330";"BR-101/SC";"Sul";"Colisão - Traseira";1;0;1;0;0;0;0;0;0;0;2;0;0;0;0
"01/03/2023";"01:06:00";"94";"Acidente s";"451";"BR-101/SC";"Norte";"Colisão - Lateral";1;0;1;0;0;0;0;0;0;0;2;0;0;0;0
"01/03/2023";"02:32:00";"104";"Acidente s";"327";"BR-101/SC";"Sul";"Colisão - Traseira";1;0;1;0;0;0;0;0;0;0;2;0;0;0;0
"02/03/2023";"03:44:00";"4";"Acidente c";"248";"BR-101/SC";"Norte";"Capotamento";0;0;1;0;0;0;0;0;0;0;0;0;1;0;0
"03/03/2023";"01:00:00";"3";"Acidente s";"351";"BR-101/SC";"Norte";"Capotamento";1;0;0;0;0;0;0;0;0;0;1;0;0;0;0
"03/03/2023";"03:05:00";"108";"Acidente s";"325";"BR-101/SC";"Norte";"Colisão - Traseira";2;0;0;0;0;0;0;0;0;0;3;0;0;0;0
"03/03/2023";"03:47:00";"115";"Acidente s";"389";"BR-101/SC";"Norte";"Capotamento";1;0;0;0;0;0;0;0;0;0;4;0;0;0;0
"03/03/2023";"06:46:00";"131";"Acidente s";"404";"BR-101/SC";"Sul";"Colisão - Traseira";2;0;0;0;0;0;0;0;0;0;3;0;0;0;0
"03/03/2023";"09:40:00";"148";"Acidente s";"268";"BR-101/SC";"Sul";"Saída de pista";1;0;0;0;0;0;0;0;0;0;3;0;0;0;0
"04/03/2023";"12:17:00";"2";"Acidente s";"378";"BR-101/SC";"Sul";"Saída de pista";1;0;0;0;0;0;0;0;0;0;1;0;0;0;0
"04/03/2023";"04:20:00";"8";"Acidente s";"354";"BR-101/SC";"Norte";"Saída de pista";0;0;1;0;0;0;0;0;0;0;1;0;0;0;0
"04/03/2023";"05:35:00";"11";"Acidente c";"403";"BR-101/SC";"Norte";"Queda de moto";0;0;0;1;0;0;0;0;0;0;0;0;1;0;0
"04/03/2023";"06:54:00";"15";"Acidente s";"257";"BR-101/SC";"Norte";"Choque - Canaleta";1;0;1;0;0;0;0;0;0;0;2;0;0;0;0
"04/03/2023";"10:27:00";"54";"Acidente s";"359";"BR-101/SC";"Norte";"Saída de pista";1;0;0;0;0;0;0;0;0;0;1;0;0;0;0
"04/03/2023";"06:48:00";"93";"Acidente s";"463";"BR-101/SC";"Sul";"Choque Barreira";1;0;0;0;0;0;0;0;0;0;1;0;0;0;0
"04/03/2023";"07:30:00";"100";"Acidente s";"439";"BR-101/SC";"Sul";"Queda de ribanceira";1;0;0;0;0;0;0;0;0;0;2;0;0;0;0
"04/03/2023";"08:36:00";"105";"Acidente s";"414";"BR-101/SC";"Norte";"Choque Barreira";1;0;0;0;0;0;0;0;0;0;3;0;0;0;0
"04/03/2023";"09:49:00";"111";"Acidente c";"306";"BR-101/SC";"Sul";"Colisão - Lateral";0;0;0;2;0;0;0;0;0;0;2;2;0;0;0
"04/03/2023";"11:42:00";"122";"Atropelame";"431";"BR-101/SC";"Sul";"Atropelamento de Animal";1;0;0;0;0;0;0;0;0;0;1;0;1;0;0
"05/03/2023";"12:11:00";"2";"Acidente c";"334";"BR-101/SC";"Sul";"Colisão - Transversal";1;0;0;1;0;0;0;0;0;0;2;0;0;0;0
"05/03/2023";"04:31:00";"11";"Acidente c";"360";"BR-101/SC";"Sul";"Colisão - Traseira";1;0;0;1;0;0;0;0;0;0;1;0;1;0;0
"05/03/2023";"04:26:00";"74";"Acidente c";"287";"BR-101/SC";"Sul";"Queda de moto";0;0;0;1;0;0;0;0;0;0;1;1;0;0;0
"05/03/2023";"04:31:00";"75";"Acidente s";"408";"BR-101/SC";"Sul";"Colisão - Traseira";0;0;1;0;0;0;0;0;0;0;3;0;0;0;0
"05/03/2023";"05:46:00";"87";"Acidente s";"333";"BR-101/SC";"Sul";"Tombamento";0;0;1;0;0;0;0;0;0;0;1;0;0;0;0
"05/03/2023";"06:34:00";"91";"Acidente s";"406.31";"BR-101/SC";"Sul";"Choque Praça - Submarino";1;0;0;0;0;0;0;0;0;0;1;0;0;0;0
"05/03/2023";"08:13:00";"104";"Acidente s";"463";"BR-101/SC";"Norte";"Queda de ribanceira";1;0;0;0;0;0;0;0;0;0;2;0;0;0;0
"06/03/2023";"12:37:00";"3";"Acidente s";"365";"BR-101/SC";"Norte";"Colisão - Lateral";2;0;0;0;0;0;0;0;0;0;2;0;0;0;0
"06/03/2023";"12:58:00";"5";"Acidente s";"247.37";"BR-101/SC";"Sul";"Queda de ribanceira";0;0;1;0;0;0;0;0;0;0;1;0;0;0;0
"06/03/2023";"05:57:00";"16";"Acidente s";"360";"BR-101/SC";"Norte";"Choque Defensa";1;0;0;0;0;0;0;0;0;0;2;0;0;0;0
"06/03/2023";"06:45:00";"17";"Acidente s";"307";"BR-101/SC";"Norte";"Choque Defensa";1;0;0;0;0;0;0;0;0;0;1;0;0;0;0
"06/03/2023";"08:06:00";"27";"Acidente s";"331";"BR-101/SC";"Sul";"Colisão - Transversal";2;0;0;0;0;0;0;0;0;0;3;0;0;0;0
"06/03/2023";"10:26:00";"47";"Acidente s";"391";"BR-101/SC";"Norte";"Choque Barreira";1;0;0;0;0;0;0;0;0;0;2;0;0;0;0
"06/03/2023";"05:57:00";"94";"Acidente c";"385";"BR-101/SC";"Sul";"Saída de pista";2;0;0;0;0;0;0;0;0;0;0;1;0;0;0
"07/03/2023";"12:13:00";"1";"Acidente s";"383";"BR-101/SC";"Sul";"Saída de pista";1;0;0;0;0;0;0;0;0;0;1;0;0;0;0
"07/03/2023";"06:53:00";"16";"Acidente s";"327";"BR-101/SC";"Sul";"Colisão - Lateral";2;0;0;0;0;0;0;0;0;0;5;0;0;0;0
"07/03/2023";"11:39:00";"68";"Acidente s";"293";"BR-101/SC";"Sul";"Colisão - Lateral";0;0;2;0;0;0;0;0;0;0;2;0;0;0;0
"07/03/2023";"06:11:00";"112";"Acidente c";"307";"BR-101/SC";"Sul";"Colisão - Traseira";1;0;0;1;0;0;0;0;0;0;3;1;0;0;0
"07/03/2023";"06:21:00";"113";"Acidente c";"285";"BR-101/SC";"Sul";"Queda de moto";0;0;0;1;0;0;0;0;0;0;0;1;0;0;0
"07/03/2023";"08:04:00";"123";"Acidente c";"350";"BR-101/SC";"Sul";"Colisão - Traseira";2;0;0;0;0;0;0;0;0;0;1;1;0;0;0
"07/03/2023";"08:04:00";"122";"Acidente c";"443";"BR-101/SC";"Norte";"Colisão - Lateral";0;0;1;1;0;0;0;0;0;0;2;1;0;0;0
"07/03/2023";"10:33:00";"124";"Acidente c";"341";"BR-101/SC";"Norte";"Colisão - Frontal";0;0;0;2;0;0;0;0;0;0;0;2;0;0;0
"08/03/2023";"04:24:00";"4";"Acidente s";"339";"BR-101/SC";"Norte";"Queda de ribanceira";1;0;0;0;0;0;0;0;0;0;3;0;0;0;0
"08/03/2023";"08:52:00";"50";"Acidente c";"285";"BR-101/SC";"Sul";"Queda de moto";0;0;0;1;0;0;0;0;0;0;0;2;0;0;0
"08/03/2023";"08:57:00";"54";"Acidente s";"248";"BR-101/SC";"Norte";"Saída de pista";1;0;0;0;0;0;0;0;0;0;2;0;0;0;0
"08/03/2023";"01:36:00";"93";"Acidente c";"354";"BR-101/SC";"Norte";"Saída de pista";1;0;0;0;0;0;0;0;0;0;0;1;0;0;0
"09/03/2023";"02:45:00";"7";"Acidente s";"294";"BR-101/SC";"Sul";"Saída de pista";0;0;1;0;0;0;0;0;0;0;1;0;0;0;0
"09/03/2023";"07:07:00";"23";"Acidente c";"327";"BR-101/SC";"Norte";"Colisão - Traseira";1;0;0;1;0;0;0;0;0;0;1;1;0;0;0
"09/03/2023";"09:57:00";"77";"Acidente s";"330";"BR-101/SC";"Norte";"Queda de moto";0;0;0;1;0;0;0;0;0;0;1;0;0;0;0
"09/03/2023";"02:18:00";"103";"Acidente s";"379";"BR-101/SC";"Sul";"Saída de pista";1;0;0;0;0;0;0;0;0;0;1;0;0;0;0
"09/03/2023";"05:51:00";"118";"Acidente s";"329";"BR-101/SC";"Sul";"Capotamento";1;0;0;0;0;0;0;0;0;0;2;0;0;0;0
"10/03/2023";"07:01:00";"19";"Acidente s";"370";"BR-101/SC";"Sul";"Saída de pista";0;0;1;0;0;0;0;0;0;0;1;0;0;0;0
"10/03/2023";"12:40:00";"77";"Acidente s";"404";"BR-101/SC";"Sul";"Colisão - Traseira";2;0;0;0;0;0;0;0;0;0;2;0;0;0;0
"11/03/2023";"04:37:00";"8";"Acidente s";"274";"BR-101/SC";"Sul";"Colisão - Traseira";2;0;0;0;0;0;0;0;0;0;2;0;0;0;0
"11/03/2023";"06:03:00";"10";"Acidente c";"270";"BR-101/SC";"Norte";"Queda de moto";0;0;0;1;0;0;0;0;0;0;0;0;0;0;1
"11/03/2023";"06:41:00";"12";"Acidente c";"377";"BR-101/SC";"Norte";"Queda de moto";0;0;0;1;0;0;0;0;0;0;0;0;0;0;1
"11/03/2023";"08:47:00";"31";"Acidente s";"307";"BR-101/SC";"Sul";"Saída de pista";1;0;0;0;0;0;0;0;0;0;1;0;0;0;0
"11/03/2023";"05:10:00";"81";"Acidente s";"351";"BR-101/SC";"Norte";"Colisão - Traseira";1;0;1;0;0;0;0;0;0;0;4;0;0;0;0
"11/03/2023";"06:07:00";"87";"Acidente c";"247";"BR-101/SC";"Sul";"Capotamento";1;0;0;0;0;0;0;0;0;0;0;4;0;0;0
"11/03/2023";"08:15:00";"100";"Atropelame";"452";"BR-101/SC";"Sul";"Atropelamento - Esportista";0;0;0;2;0;0;0;0;0;0;0;0;0;2;0
"11/03/2023";"11:14:00";"111";"Acidente c";"419";"BR-101/SC";"Norte";"Colisão - Lateral";1;0;0;1;0;0;0;0;0;0;1;0;0;1;0
"12/03/2023";"12:48:00";"3";"Acidente s";"311";"BR-101/SC";"Norte";"Saída de pista";1;0;0;0;0;0;0;0;0;0;1;0;0;0;0
"12/03/2023";"05:53:00";"56";"Acidente c";"336";"BR-101/SC";"Norte";"Queda de moto";0;0;0;1;0;0;0;0;0;0;0;2;0;0;0
"12/03/2023";"07:33:00";"72";"Acidente s";"325";"BR-101/SC";"Sul";"Engavetamento";4;0;0;0;0;0;0;0;0;0;5;0;0;0;0
"13/03/2023";"05:55:00";"7";"Acidente s";"274";"BR-101/SC";"Norte";"Saída de pista";1;0;0;0;0;0;0;0;0;0;1;0;0;0;0
"13/03/2023";"07:55:00";"26";"Acidente s";"280";"BR-101/SC";"Norte";"Capotamento";1;0;0;0;0;0;0;0;0;0;1;0;0;0;0
"13/03/2023";"07:22:00";"104";"Acidente c";"322";"BR-101/SC";"Norte";"Atropelamento de Animal";1;0;0;0;0;0;0;0;0;0;0;1;1;0;0
"14/03/2023";"01:37:00";"76";"Acidente s";"298";"BR-101/SC";"Sul";"Colisão - Traseira";1;0;1;0;0;0;0;0;0;0;3;0;0;0;0
"14/03/2023";"04:10:00";"91";"Acidente c";"420";"BR-101/SC";"Sul";"Queda de moto";0;0;0;1;0;0;0;0;0;0;0;1;0;0;0
"14/03/2023";"06:13:00";"102";"Atropelame";"308";"BR-101/SC";"Norte";"Atropelamento - Usuário";0;0;0;2;0;0;0;0;0;0;0;1;1;0;0
"14/03/2023";"06:58:00";"108";"Acidente c";"254";"BR-101/SC";"Norte";"Choque - Arvore";1;0;0;0;0;0;0;0;0;0;0;0;1;0;0
"14/03/2023";"08:40:00";"112";"Acidente s";"253.59";"BR-101/SC";"Norte";"Colisão - Traseira";1;0;1;0;0;0;0;0;0;0;2;0;0;0;0
"14/03/2023";"11:43:00";"120";"Acidente c";"256";"BR-101/SC";"Norte";"Choque - Arvore";1;0;0;0;0;0;0;0;0;0;0;1;0;0;0
"15/03/2023";"08:58:00";"41";"Acidente s";"378";"BR-101/SC";"Norte";"Saída de pista";1;0;0;0;0;0;0;0;0;0;1;0;0;0;0
"15/03/2023";"05:58:00";"101";"Acidente s";"289";"BR-101/SC";"Norte";"Queda de ribanceira";1;0;0;0;0;0;0;0;0;0;1;0;0;0;0
"15/03/2023";"06:30:00";"104";"Acidente c";"406";"BR-101/SC";"Norte";"Capotamento";1;0;0;0;0;0;0;0;0;0;0;1;0;0;0
"15/03/2023";"06:41:00";"107";"Acidente c";"282";"BR-101/SC";"Sul";"Queda de moto";1;0;0;1;0;0;0;0;0;0;1;1;0;0;0
"16/03/2023";"02:05:00";"86";"Acidente s";"298";"BR-101/SC";"Sul";"Queda de moto";0;0;0;1;0;0;0;0;0;0;1;0;0;0;0
"16/03/2023";"04:08:00";"97";"Acidente c";"262";"BR-101/SC";"Norte";"Saída de pista";1;0;0;0;0;0;0;0;0;0;0;1;0;0;0
"16/03/2023";"05:15:00";"99";"Acidente s";"393";"BR-101/SC";"Sul";"Saída de pista";1;0;0;0;0;0;0;0;0;0;3;0;0;0;0
"16/03/2023";"10:09:00";"122";"Acidente s";"351";"BR-101/SC";"Norte";"Colisão - Traseira";1;0;1;0;0;0;0;0;0;0;3;0;0;0;0
"17/03/2023";"04:27:00";"8";"Acidente s";"346";"BR-101/SC";"Sul";"Atropelamento de Animal";1;0;0;0;0;0;0;0;0;0;1;0;0;0;0
"17/03/2023";"08:37:00";"44";"Acidente s";"344";"BR-101/SC";"Norte";"Colisão - Traseira";0;0;2;0;0;0;0;0;0;0;3;0;0;0;0
"17/03/2023";"11:39:00";"80";"Acidente c";"364";"BR-101/SC";"Sul";"Saída de pista";1;0;0;0;0;0;0;0;0;0;3;0;1;0;0
"17/03/2023";"03:21:00";"107";"Acidente s";"336";"BR-101/SC";"Sul";"Colisão - Traseira";2;0;0;0;0;0;0;0;0;0;3;0;0;0;0
"17/03/2023";"03:38:00";"111";"Acidente s";"350";"BR-101/SC";"Norte";"Colisão - Traseira";2;0;0;0;0;0;0;0;0;0;3;0;0;0;0
"17/03/2023";"06:44:00";"125";"Acidente s";"435";"BR-101/SC";"Sul";"Colisão - Lateral";2;0;0;0;0;0;0;0;0;0;2;0;0;0;0
"18/03/2023";"01:55:00";"4";"Acidente s";"329";"BR-101/SC";"Sul";"Capotamento";1;0;0;0;0;0;0;0;0;0;1;0;0;0;0
"18/03/2023";"02:45:00";"84";"Acidente c";"435";"BR-101/SC";"Norte";"Colisão - Frontal";1;0;0;1;0;0;0;0;0;0;1;0;1;0;0
"18/03/2023";"05:08:00";"95";"Acidente c";"332";"BR-101/SC";"Sul";"Colisão - Lateral";1;0;0;1;0;0;0;0;0;0;5;0;1;0;0
"18/03/2023";"09:44:00";"116";"Acidente c";"248";"BR-101/SC";"Sul";"Saída de pista";1;0;0;0;0;0;0;0;0;0;0;2;0;0;0
"18/03/2023";"10:40:00";"118";"Acidente s";"288";"BR-101/SC";"Sul";"Colisão - Traseira";2;0;0;0;0;0;0;0;0;0;3;0;0;0;0
"19/03/2023";"09:04:00";"106";"Acidente s";"404";"BR-101/SC";"Sul";"Colisão - Lateral";2;0;0;0;0;0;0;0;0;0;5;0;0;0;0
"19/03/2023";"09:20:00";"108";"Acidente s";"360";"BR-101/SC";"Sul";"Atropelamento de Animal";1;0;0;0;0;0;0;0;0;0;4;0;0;0;0
"20/03/2023";"09:48:00";"50";"Acidente c";"384";"BR-101/SC";"Sul";"Capotamento";1;0;0;0;0;0;0;0;0;0;0;0;0;1;0
"20/03/2023";"04:14:00";"80";"Acidente s";"316";"BR-101/SC";"Norte";"Saída de pista";1;0;0;0;0;0;0;0;0;0;3;0;0;0;0
"21/03/2023";"05:10:00";"9";"Acidente s";"367";"BR-101/SC";"Norte";"Saída de pista";1;0;0;0;0;0;0;0;0;0;2;0;0;0;0
"22/03/2023";"12:12:00";"2";"Acidente s";"335";"BR-101/SC";"Norte";"Saída de pista";1;0;0;0;0;0;0;0;0;0;2;0;0;0;0
"22/03/2023";"12:42:00";"3";"Acidente s";"273";"BR-101/SC";"Sul";"Saída de pista";1;0;0;0;0;0;0;0;0;0;1;0;0;0;0
"22/03/2023";"08:48:00";"44";"Acidente s";"322";"BR-101/SC";"Sul";"Colisão - Traseira";1;0;1;0;0;0;0;0;0;0;2;0;0;0;0
"22/03/2023";"09:47:00";"131";"Acidente s";"359";"BR-101/SC";"Sul";"Saída de pista";1;0;0;0;0;0;0;0;0;0;1;0;0;0;0
"23/03/2023";"07:14:00";"13";"Acidente s";"257";"BR-101/SC";"Norte";"Colisão - Lateral";0;0;3;0;0;0;0;0;0;0;3;0;0;0;0
"23/03/2023";"08:10:00";"34";"Acidente s";"258";"BR-101/SC";"Norte";"Colisão - Traseira";1;0;1;0;0;0;0;0;0;0;3;0;0;0;0
"23/03/2023";"11:44:00";"70";"Acidente s";"331";"BR-101/SC";"Norte";"Capotamento";1;0;0;0;0;0;0;0;0;0;1;0;0;0;0
"23/03/2023";"12:20:00";"74";"Acidente c";"439";"BR-101/SC";"Sul";"Capotamento";1;0;0;1;0;0;0;0;0;0;2;0;1;0;0
"23/03/2023";"02:22:00";"86";"Acidente s";"276";"BR-101/SC";"Norte";"Colisão - Lateral";1;0;0;1;0;0;0;0;0;0;3;0;0;0;0
"23/03/2023";"03:54:00";"96";"Acidente c";"337";"BR-101/SC";"Sul";"Colisão - Traseira";0;0;2;0;0;0;0;0;0;0;1;1;0;0;0
"24/03/2023";"07:34:00";"114";"Acidente c";"446";"BR-101/SC";"Sul";"Queda de moto";0;0;0;1;0;0;0;0;0;0;0;0;2;0;0
"25/03/2023";"01:32:00";"5";"Acidente c";"369";"BR-101/SC";"Norte";"Queda de ribanceira";0;0;1;0;0;0;0;0;0;0;1;1;0;0;0
"25/03/2023";"07:29:00";"20";"Acidente s";"273";"BR-101/SC";"Sul";"Saída de pista";1;0;0;0;0;0;0;0;0;0;1;0;0;0;0
"25/03/2023";"08:34:00";"31";"Atropelame";"252";"BR-101/SC";"Norte";"Atropelamento - Esportista";1;0;0;0;0;0;0;0;0;0;1;1;0;0;0