data;horario;n_da_ocorrencia;tipo_de_ocorrencia;km;trecho;sentido;tipo_de_acidente;automovel;bicicleta;caminhao;moto;onibus;outros;tracao_animal;transporte_de_cargas_especiais;trator_maquinas;utilitarios;ilesos;levemente_feridos;moderadamente_feridos;gravemente_feridos;mortos
"28/04/2023";"09:01:00";"140";"Acidente s";"269";"BR-101/SC";"Sul";"Saída de pista";1;0;0;0;0;0;0;0;0;0;3;0;0;0;0
"28/04/2023";"11:08:00";"148";"Acidente s";"298";"BR-101/SC";"Sul";"Choque Praça - Cabine";0;0;0;0;0;0;0;1;0;0;1;0;0;0;0
"28/04/2023";"11:20:00";"149";"Acidente s";"266";"BR-101/SC";"Sul";"Colisão - Traseira";2;0;0;0;0;0;0;0;0;0;4;0;0;0;0
"29/04/2023";"12:43:00";"3";"Acidente s";"426";"BR-101/SC";"Norte";"Choque Barreira";1;0;0;0;0;0;0;0;0;0;2;0;0;0;0
"29/04/2023";"05:11:00";"9";"Acidente s";"352";"BR-101/SC";"Sul";"Capotamento";1;0;0;0;0;0;0;0;0;0;1;0;0;0;0
"29/04/2023";"08:20:00";"33";"Acidente s";"361";"BR-101/SC";"Sul";"Colisão - Lateral";1;0;0;0;0;0;0;1;0;0;5;0;0;0;0
"29/04/2023";"04:31:00";"81";"Acidente c";"330";"BR-101/SC";"Sul";"Queda de moto";0;0;0;1;0;0;0;0;0;0;0;1;0;0;0
"29/04/2023";"05:41:00";"85";"Acidente c";"319";"BR-101/SC";"Sul";"Colisão - Transversal";3;0;0;0;0;0;0;0;0;0;5;1;0;0;0
"29/04/2023";"07:36:00";"96";"Acidente c";"353";"BR-101/SC";"Norte";"Colisão - Traseira";0;0;0;2;0;0;0;0;0;0;0;2;0;0;0
"29/04/2023";"08:04:00";"100";"Acidente c";"418";"BR-101/SC";"Norte";"Colisão - Frontal";0;0;0;2;0;0;0;0;0;0;0;0;0;2;0
"29/04/2023";"10:01:00";"114";"Acidente s";"286";"BR-101/SC";"Norte";"Colisão - Lateral";1;0;1;0;0;0;0;0;0;0;3;0;0;0;0
"29/04/2023";"11:18:00";"121";"Acidente c";"428";"BR-101/SC";"Sul";"Atropelamento de Animal";2;0;0;0;0;0;0;0;0;0;3;0;1;1;0
"30/04/2023";"05:06:00";"9";"Acidente s";"402";"BR-101/SC";"Norte";"Saída de pista";1;0;0;0;0;0;0;0;0;0;1;0;0;0;0
"30/04/2023";"04:24:00";"83";"Atropelame";"308";"BR-101/SC";"Norte";"Atropelamento - Usuário";1;0;0;0;0;0;0;0;0;0;1;0;1;0;0
"30/04/2023";"05:37:00";"89";"Acidente c";"322";"BR-101/SC";"Sul";"Queda de moto";0;0;0;1;0;0;0;0;0;0;0;0;1;0;0
"01/05/2023";"06:57:00";"17";"Acidente s";"363";"BR-101/SC";"Norte";"Saída de pista";1;0;0;0;0;0;0;0;0;0;1;0;0;0;0
"01/05/2023";"07:37:00";"21";"Acidente s";"327";"BR-101/SC";"Norte";"Colisão - Lateral";2;0;0;0;0;0;0;0;0;0;2;0;0;0;0
"01/05/2023";"02:48:00";"56";"Acidente s";"382";"BR-101/SC";"Sul";"Colisão - Lateral";1;0;0;0;0;0;0;1;0;0;3;0;0;0;0
"01/05/2023";"05:05:00";"79";"Acidente c";"409";"BR-101/SC";"Sul";"Capotamento";1;0;0;0;0;0;0;0;0;0;4;1;0;0;0
"01/05/2023";"05:27:00";"80";"Acidente s";"312";"BR-101/SC";"Sul";"Colisão - Traseira";1;0;0;1;0;0;0;0;0;0;3;0;0;0;0
"01/05/2023";"10:31:00";"105";"Acidente c";"282";"BR-101/SC";"Sul";"Queda de moto";0;0;0;1;0;0;0;0;0;0;0;2;0;0;0
"02/05/2023";"01:56:00";"6";"Acidente s";"266";"BR-101/SC";"Norte";"Colisão - Traseira";2;0;0;0;0;0;0;0;0;0;6;0;0;0;0
"02/05/2023";"07:47:00";"48";"Acidente c";"328";"BR-101/SC";"Norte";"Queda de moto";1;0;0;0;0;0;0;0;0;0;0;1;0;0;0
"02/05/2023";"11:25:00";"91";"Acidente c";"362";"BR-101/SC";"Sul";"Queda de moto";1;0;0;0;0;0;0;0;0;0;0;1;0;0;0
"02/05/2023";"03:44:00";"113";"Acidente s";"265";"BR-101/SC";"Norte";"Saída de pista";1;0;0;0;0;0;0;0;0;0;2;0;0;0;0
"02/05/2023";"09:18:00";"137";"Acidente s";"360";"BR-101/SC";"Sul";"Queda de ribanceira";0;0;0;0;0;0;0;0;0;1;2;0;0;0;0
"03/05/2023";"12:39:00";"1";"Acidente s";"377.9";"BR-101/SC";"Sul";"Choque Defensa";1;0;0;0;0;0;0;0;0;0;4;0;0;0;0
"03/05/2023";"07:20:00";"22";"Acidente s";"371";"BR-101/SC";"Norte";"Saída de pista";1;0;0;0;0;0;0;0;0;0;1;0;0;0;0
"03/05/2023";"06:36:00";"122";"Acidente c";"431";"BR-101/SC";"Norte";"Colisão - Traseira";1;0;0;1;0;0;0;0;0;0;1;1;0;0;0
"03/05/2023";"10:42:00";"134";"Acidente s";"257";"BR-101/SC";"Sul";"Queda de moto";0;0;1;1;0;0;0;0;0;0;2;0;0;0;0
"03/05/2023";"11:26:00";"139";"Acidente c";"346";"BR-101/SC";"Norte";"Saída de pista";1;0;0;0;0;0;0;0;0;0;0;1;0;0;0
"04/05/2023";"02:00:00";"108";"Acidente c";"434";"BR-101/SC";"Sul";"Saída de pista";1;0;0;0;0;0;0;0;0;0;0;0;1;0;0
"04/05/2023";"03:45:00";"116";"Acidente s";"283";"BR-101/SC";"Sul";"Colisão - Lateral";1;0;2;0;0;0;0;0;0;0;5;0;0;0;0
"04/05/2023";"05:00:00";"121";"Acidente s";"331";"BR-101/SC";"Norte";"Colisão - Lateral";2;0;0;0;0;0;0;0;0;0;3;0;0;0;0
"04/05/2023";"05:39:00";"124";"Acidente s";"344";"BR-101/SC";"Norte";"Colisão - Traseira";0;0;1;0;0;0;0;0;0;1;2;0;0;0;0
"04/05/2023";"10:05:00";"143";"Acidente s";"288";"BR-101/SC";"Sul";"Saída de pista";1;0;0;0;0;0;0;0;0;0;1;0;0;0;0
"05/05/2023";"02:49:00";"6";"Acidente s";"307";"BR-101/SC";"Sul";"Saída de pista";1;0;0;0;0;0;0;0;0;0;1;0;0;0;0
"05/05/2023";"06:29:00";"8";"Acidente s";"336";"BR-101/SC";"Norte";"Colisão - Traseira";0;0;0;0;0;0;0;0;0;2;3;0;0;0;0
"05/05/2023";"06:37:00";"9";"Acidente s";"337";"BR-101/SC";"Norte";"Saída de pista";1;0;0;0;0;0;0;0;0;0;1;0;0;0;0
"05/05/2023";"12:23:00";"73";"Acidente s";"350";"BR-101/SC";"Sul";"Saída de pista";2;0;0;0;0;0;0;0;0;0;2;0;0;0;0
"05/05/2023";"04:31:00";"105";"Acidente c";"278";"BR-101/SC";"Sul";"Capotamento";2;0;0;0;0;0;0;0;0;0;2;1;1;0;0
"05/05/2023";"06:18:00";"117";"Acidente c";"332";"BR-101/SC";"Sul";"Queda de moto";0;0;0;1;0;0;0;0;0;0;0;1;0;0;0
"05/05/2023";"07:51:00";"127";"Atropelame";"326";"BR-101/SC";"Sul";"Atropelamento - Esportista";1;0;0;0;0;0;0;0;0;0;1;1;0;0;0
"05/05/2023";"07:52:00";"129";"Acidente s";"371";"BR-101/SC";"Norte";"Queda de ribanceira";1;0;0;0;0;0;0;0;0;0;4;0;0;0;0
"05/05/2023";"08:26:00";"133";"Acidente s";"361";"BR-101/SC";"Sul";"Saída de pista";1;0;0;0;0;0;0;0;0;0;2;0;0;0;0
"05/05/2023";"08:29:00";"134";"Acidente s";"331";"BR-101/SC";"Sul";"Queda de ribanceira";1;0;0;0;0;0;0;0;0;0;1;0;0;0;0
"05/05/2023";"08:58:00";"140";"Acidente c";"384";"BR-101/SC";"Sul";"Saída de pista";1;0;0;0;0;0;0;0;0;0;0;1;0;0;0
"05/05/2023";"11:54:00";"146";"Atropelame";"420";"BR-101/SC";"Ambos";"Atropelamento - Esportista";1;0;0;0;0;0;0;0;0;0;1;0;1;0;0
"06/05/2023";"06:25:00";"12";"Acidente s";"360";"BR-101/SC";"Norte";"Saída de pista";1;0;0;0;0;0;0;0;0;0;2;0;0;0;0
"06/05/2023";"08:41:00";"34";"Acidente s";"261";"BR-101/SC";"Sul";"Saída de pista";1;0;0;0;0;0;0;0;0;0;2;0;0;0;0
"06/05/2023";"11:21:00";"55";"Acidente c";"316";"BR-101/SC";"Sul";"Colisão - Traseira";1;0;0;1;0;0;0;0;0;0;1;1;0;0;0
"06/05/2023";"11:52:00";"59";"Acidente c";"337";"BR-101/SC";"Norte";"Queda de Ponte/Viaduto";1;0;0;0;0;0;0;0;0;0;1;1;0;0;0
"06/05/2023";"06:23:00";"96";"Acidente c";"428";"BR-101/SC";"Norte";"Colisão - Traseira";0;0;0;0;0;0;0;1;0;0;2;1;0;0;0
"06/05/2023";"07:47:00";"102";"Acidente s";"386";"BR-101/SC";"Sul";"Queda em Ribanceira";1;0;0;0;0;0;0;0;0;0;1;0;0;0;0
"06/05/2023";"09:56:00";"109";"Acidente c";"451";"BR-101/SC";"Sul";"Colisão - Lateral";1;0;0;1;0;0;0;0;0;0;1;1;0;0;0
"07/05/2023";"05:25:00";"13";"Acidente c";"443";"BR-101/SC";"Sul";"Saída de pista";1;0;0;0;0;0;0;0;0;0;0;2;0;0;0
"07/05/2023";"08:38:00";"29";"Acidente s";"330";"BR-101/SC";"Norte";"Colisão - Traseira";1;0;1;0;0;0;0;0;0;0;2;0;0;0;0
"07/05/2023";"09:42:00";"37";"Acidente s";"418";"BR-101/SC";"Sul";"Saída de pista";1;0;0;0;0;0;0;0;0;0;1;0;0;0;0
"07/05/2023";"09:01:00";"83";"Acidente s";"376";"BR-101/SC";"Sul";"Capotamento";1;0;0;0;0;0;0;0;0;0;1;0;0;0;0
"07/05/2023";"09:41:00";"85";"Acidente c";"416";"BR-101/SC";"Sul";"Colisão - Frontal";1;0;0;1;0;0;0;0;0;0;1;1;0;0;0
"08/05/2023";"01:25:00";"3";"Acidente c";"357";"BR-101/SC";"Sul";"Tombamento";0;0;0;0;0;0;0;1;0;0;0;0;1;0;0
"08/05/2023";"03:21:00";"6";"Acidente c";"338";"BR-101/SC";"Ambos";"Queda de ribanceira";0;0;0;0;0;0;0;1;0;0;0;0;1;0;0
"08/05/2023";"05:25:00";"13";"Acidente s";"327";"BR-101/SC";"Sul";"Saída de pista";1;0;0;0;0;0;0;0;0;0;2;0;0;0;0
"08/05/2023";"09:20:00";"66";"Acidente s";"373";"BR-101/SC";"Norte";"Saída de pista";1;0;0;0;0;0;0;0;0;0;1;0;0;0;0
"08/05/2023";"10:42:00";"83";"Acidente c";"444";"BR-101/SC";"Norte";"Colisão - Transversal";1;0;0;1;0;0;0;0;0;0;1;1;0;0;0
"08/05/2023";"11:41:00";"90";"Acidente c";"436";"BR-101/SC";"Norte";"Colisão - Traseira";2;0;0;0;0;0;0;0;0;0;4;1;0;0;0
"08/05/2023";"03:30:00";"104";"Acidente s";"285";"BR-101/SC";"Norte";"Queda de Carga";1;0;0;0;0;0;0;0;0;1;4;0;0;0;0
"08/05/2023";"06:54:00";"118";"Acidente c";"435";"BR-101/SC";"Sul";"Colisão - Traseira";4;0;0;0;0;0;0;0;0;0;4;3;0;0;0
"09/05/2023";"04:19:00";"2";"Acidente s";"274";"BR-101/SC";"Norte";"Outros";1;0;0;0;0;0;0;0;0;0;2;0;0;0;0
"09/05/2023";"07:44:00";"29";"Acidente c";"335";"BR-101/SC";"Norte";"Colisão - Transversal";1;0;0;1;0;0;0;0;0;0;1;1;0;0;0
"09/05/2023";"05:45:00";"114";"Acidente c";"463";"BR-101/SC";"Sul";"Colisão - Lateral";1;0;0;0;0;0;0;0;0;1;2;1;0;0;0
"09/05/2023";"07:12:00";"122";"Acidente s";"340";"BR-101/SC";"Norte";"Choque com objeto sobre a pista";2;0;0;0;0;0;0;0;0;1;4;0;0;0;0
"09/05/2023";"08:58:00";"130";"Acidente c";"445";"BR-101/SC";"Ambos";"Colisão - Transversal";1;0;0;1;0;0;0;0;0;0;1;1;0;0;0
"10/05/2023";"01:16:00";"3";"Acidente s";"440";"BR-101/SC";"Sul";"Colisão - Lateral";1;0;0;0;0;0;0;1;0;0;2;0;0;0;0
"10/05/2023";"02:11:00";"5";"Acidente s";"443";"BR-101/SC";"Sul";"Atropelamento de Animal";1;0;0;0;0;0;0;0;0;0;1;0;0;0;0
"10/05/2023";"11:45:00";"96";"Acidente s";"423";"BR-101/SC";"Sul";"Colisão - Traseira";2;0;0;0;0;0;0;0;0;0;6;0;0;0;0
"11/05/2023";"03:28:00";"4";"Acidente s";"400";"BR-101/SC";"Sul";"Colisão - Traseira";0;0;0;0;0;0;0;1;0;1;4;0;0;0;0
"11/05/2023";"07:44:00";"33";"Acidente c";"399";"BR-101/SC";"Sul";"Colisão - Traseira";1;0;0;0;0;0;0;0;0;1;1;0;0;1;0
"11/05/2023";"08:57:00";"60";"Acidente c";"309";"BR-101/SC";"Sul";"Colisão - Traseira";0;0;0;0;0;0;0;0;0;2;1;0;0;1;0
"12/05/2023";"07:42:00";"45";"Acidente c";"315";"BR-101/SC";"Sul";"Colisão - Lateral";1;0;0;1;0;0;0;0;0;0;2;0;1;0;0
"12/05/2023";"11:58:00";"94";"Acidente s";"325";"BR-101/SC";"Norte";"Colisão - Traseira";1;0;1;0;0;0;0;0;0;0;2;0;0;0;0
"12/05/2023";"12:24:00";"97";"Acidente s";"403";"BR-101/SC";"Norte";"Colisão - Lateral";2;0;0;0;0;0;0;0;0;0;2;0;0;0;0
"12/05/2023";"04:51:00";"129";"Acidente s";"352";"BR-101/SC";"Norte";"Choque Defensa";1;0;0;0;0;0;0;0;0;0;2;0;0;0;0
"12/05/2023";"06:10:00";"135";"Acidente s";"314";"BR-101/SC";"Sul";"Colisão - Lateral";1;0;1;0;0;0;0;0;0;0;5;0;0;0;0
"12/05/2023";"07:28:00";"140";"Acidente s";"309";"BR-101/SC";"Norte";"Saída de pista";1;0;0;0;0;0;0;0;0;0;2;0;0;0;0
"13/05/2023";"04:03:00";"8";"Acidente s";"346";"BR-101/SC";"Norte";"Saída de pista";1;0;0;0;0;0;0;0;0;0;1;0;0;0;0
"13/05/2023";"05:15:00";"11";"Acidente s";"324";"BR-101/SC";"Norte";"Colisão - Traseira";1;0;0;0;0;0;0;0;0;1;4;0;0;0;0
"13/05/2023";"06:18:00";"17";"Acidente s";"338";"BR-101/SC";"Sul";"Saída de pista";1;0;0;0;0;0;0;0;0;0;3;0;0;0;0
"13/05/2023";"10:45:00";"62";"Acidente s";"461";"BR-101/SC";"Norte";"Saída de pista";1;0;0;0;0;0;0;0;0;0;3;0;0;0;0
"13/05/2023";"03:31:00";"96";"Acidente c";"329";"BR-101/SC";"Norte";"Colisão - Traseira";1;0;0;0;0;0;0;1;0;0;1;1;0;0;0
"13/05/2023";"06:12:00";"107";"Acidente s";"397";"BR-101/SC";"Sul";"Choque Defensa";1;0;0;0;0;0;0;0;0;0;4;0;0;0;0
"13/05/2023";"07:03:00";"114";"Acidente s";"397";"BR-101/SC";"Sul";"Colisão - Traseira";1;0;0;1;0;0;0;0;0;0;2;0;0;0;0
"13/05/2023";"08:11:00";"123";"Acidente s";"291";"BR-101/SC";"Sul";"Atropelamento de Animal";1;0;0;0;0;0;0;0;0;0;4;0;0;0;0
"13/05/2023";"08:33:00";"126";"Acidente s";"380";"BR-101/SC";"Sul";"Colisão - Traseira";2;0;0;0;0;0;0;0;0;0;3;0;0;0;0
"13/05/2023";"09:47:00";"128";"Acidente c";"439";"BR-101/SC";"Norte";"Queda de moto";0;0;0;1;0;0;0;0;0;0;0;0;1;1;0
"14/05/2023";"07:00:00";"19";"Acidente s";"357";"BR-101/SC";"Sul";"Queda de ribanceira";1;0;0;0;0;0;0;0;0;0;1;0;0;0;0
"14/05/2023";"05:17:00";"62";"Acidente s";"333";"BR-101/SC";"Norte";"Colisão - Traseira";2;0;0;0;0;0;0;0;0;0;5;0;0;0;0
"14/05/2023";"06:38:00";"73";"Acidente s";"289";"BR-101/SC";"Norte";"Atropelamento de Animal";1;0;0;0;0;0;0;0;0;0;2;0;0;0;0
"14/05/2023";"06:58:00";"74";"Acidente s";"298";"BR-101/SC";"Sul";"Colisão - Traseira";2;0;0;0;0;0;0;0;0;0;7;0;0;0;0
"14/05/2023";"07:57:00";"78";"Acidente c";"343";"BR-101/SC";"Norte";"Colisão - Lateral";1;0;0;1;0;0;0;0;0;0;2;0;1;0;0
"14/05/2023";"10:41:00";"85";"Acidente s";"353";"BR-101/SC";"Sul";"Saída de pista";1;0;0;0;0;0;0;0;0;0;1;0;0;0;0
"15/05/2023";"12:01:00";"1";"Acidente c";"276";"BR-101/SC";"Norte";"Capotamento";1;0;0;0;0;0;0;0;0;0;0;0;2;0;0
"15/05/2023";"01:35:00";"6";"Acidente s";"457";"BR-101/SC";"Norte";"Colisão - Traseira";2;0;0;0;0;0;0;0;0;0;4;0;0;0;0
"15/05/2023";"07:29:00";"31";"Acidente c";"341";"BR-101/SC";"Norte";"Colisão - Traseira";2;0;0;0;0;0;0;0;0;0;1;1;0;0;0
"15/05/2023";"07:38:00";"33";"Acidente c";"331";"BR-101/SC";"Sul";"Queda de moto";0;0;0;1;0;0;0;0;0;0;0;2;0;0;0
"15/05/2023";"08:38:00";"52";"Acidente s";"387";"BR-101/SC";"Sul";"Colisão - Traseira";1;0;1;0;0;0;0;0;0;0;2;0;0;0;0
"15/05/2023";"04:59:00";"113";"Acidente s";"317";"BR-101/SC";"Sul";"Choque com veículo no acostamento";0;0;0;0;0;0;0;0;0;2;2;0;0;0;0
"15/05/2023";"06:27:00";"118";"Atropelame";"417";"BR-101/SC";"Norte";"Atropelamento - Esportista";0;0;0;1;0;0;0;0;0;0;1;0;0;1;0
"16/05/2023";"06:29:00";"10";"Acidente c";"261";"BR-101/SC";"Sul";"Tombamento";0;0;0;0;0;0;0;1;0;0;0;1;0;0;0
"16/05/2023";"12:34:00";"71";"Acidente s";"404";"BR-101/SC";"Sul";"Colisão - Traseira";2;0;0;0;0;0;0;0;0;0;3;0;0;0;0
"16/05/2023";"06:23:00";"104";"Acidente c";"277";"BR-101/SC";"Norte";"Colisão - Frontal";0;0;0;2;0;0;0;0;0;0;0;0;1;1;0
"16/05/2023";"08:40:00";"115";"Acidente s";"338";"BR-101/SC";"Norte";"Colisão - Traseira";1;0;0;0;0;0;0;0;0;1;2;0;0;0;0
"17/05/2023";"07:47:00";"28";"Acidente s";"330";"BR-101/SC";"Sul";"Colisão - Lateral";1;0;0;0;0;0;0;1;0;0;4;0;0;0;0
"17/05/2023";"08:27:00";"54";"Acidente c";"317";"BR-101/SC";"Norte";"Saída de pista";1;0;0;0;0;0;0;0;0;0;0;4;0;0;0
"17/05/2023";"11:14:00";"77";"Acidente c";"335.6";"BR-101/SC";"Sul";"Colisão - Lateral";0;0;0;1;0;0;0;0;0;1;1;1;0;0;0
"17/05/2023";"12:52:00";"86";"Acidente s";"356.45";"BR-101/SC";"Sul";"Queda de ribanceira";1;0;0;0;0;0;0;0;0;0;1;0;0;0;0
"17/05/2023";"07:03:00";"116";"Acidente c";"328";"BR-101/SC";"Norte";"Queda de moto";0;0;0;1;0;0;0;0;0;1;1;0;1;0;0
"18/05/2023";"05:35:00";"10";"Acidente c";"318";"BR-101/SC";"Sul";"Queda de ribanceira";1;0;0;0;0;0;0;0;0;0;0;1;0;0;0
"18/05/2023";"07:45:00";"33";"Acidente s";"438";"BR-101/SC";"Sul";"Choque Barreira";0;0;0;0;1;0;0;0;0;0;1;0;0;0;0
"18/05/2023";"12:04:00";"83";"Acidente s";"344";"BR-101/SC";"Sul";"Colisão - Traseira";1;0;0;0;0;0;0;1;0;0;4;0;0;0;0
"18/05/2023";"12:54:00";"91";"Acidente s";"435";"BR-101/SC";"Sul";"Colisão - Lateral";1;0;0;0;0;0;0;1;0;0;2;0;0;0;0
"18/05/2023";"02:17:00";"101";"Acidente s";"271.2";"BR-101/SC";"Norte";"Choque Barreira";1;0;0;0;0;0;0;0;0;0;1;0;0;0;0
"18/05/2023";"02:54:00";"104";"Acidente s";"334";"BR-101/SC";"Sul";"Colisão - Traseira";2;0;0;0;0;0;0;0;0;0;2;0;0;0;0
"18/05/2023";"08:00:00";"130";"Acidente s";"426";"BR-101/SC";"Norte";"Colisão - Lateral";1;0;0;0;0;0;0;1;0;0;3;0;0;0;0
"19/05/2023";"02:32:00";"3";"Acidente c";"383";"BR-101/SC";"Norte";"Choque Defensa";1;0;0;0;0;0;0;0;0;0;1;1;0;0;0
"19/05/2023";"03:09:00";"4";"Acidente s";"330";"BR-101/SC";"Norte";"Saída de pista";1;0;0;0;0;0;0;0;0;0;1;0;0;0;0
"19/05/2023";"06:11:00";"10";"Acidente s";"298";"BR-101/SC";"Norte";"Colisão - Traseira";1;0;0;0;0;0;0;0;0;1;6;0;0;0;0
"19/05/2023";"08:50:00";"61";"Acidente s";"404";"BR-101/SC";"Norte";"Colisão - Traseira";1;0;0;0;0;0;0;0;0;1;4;0;0;0;0
"19/05/2023";"08:33:00";"136";"Acidente s";"281";"BR-101/SC";"Norte";"Atropelamento de Animal";0;0;0;0;0;0;0;0;0;1;2;0;0;0;0
"20/05/2023";"12:48:00";"2";"Acidente c";"257";"BR-101/SC";"Sul";"Queda de moto";0;0;0;1;0;0;0;0;0;0;0;0;1;0;0
"20/05/2023";"04:45:00";"6";"Acidente c";"317";"BR-101/SC";"Norte";"Colisão - Traseira";2;0;0;1;0;0;0;0;0;0;5;0;2;0;0
"20/05/2023";"05:39:00";"100";"Acidente c";"322";"BR-101/SC";"Norte";"Colisão - Lateral";0;0;0;2;0;0;0;0;0;0;2;0;1;0;0
"20/05/2023";"06:16:00";"104";"Acidente c";"307";"BR-101/SC";"Norte";"Colisão - Lateral";1;0;0;1;0;0;0;0;0;0;4;1;0;0;0
"21/05/2023";"01:08:00";"1";"Acidente s";"269";"BR-101/SC";"Norte";"Saída de pista";1;0;0;0;0;0;0;0;0;0;1;0;0;0;0
"21/05/2023";"02:04:00";"4";"Acidente c";"377";"BR-101/SC";"Sul";"Colisão - Frontal";2;0;0;0;0;0;0;0;0;1;3;1;0;0;0
"21/05/2023";"03:01:00";"6";"Acidente c";"270";"BR-101/SC";"Norte";"Queda de moto";1;0;0;1;0;0;0;0;0;0;1;0;0;1;0
"21/05/2023";"04:40:00";"7";"Acidente s";"302";"BR-101/SC";"Norte";"Queda em Ribanceira";1;0;0;0;0;0;0;0;0;0;2;0;0;0;0
"21/05/2023";"11:58:00";"48";"Acidente c";"458";"BR-101/SC";"Norte";"Colisão - Lateral";1;0;0;0;0;0;0;0;0;1;20;1;0;0;0
"21/05/2023";"12:54:00";"52";"Acidente c";"387";"BR-101/SC";"Norte";"Choque Defensa";1;0;0;0;0;0;0;0;0;0;0;2;0;0;0
"21/05/2023";"01:51:00";"55";"Acidente s";"322";"BR-101/SC";"Sul";"Colisão - Traseira";2;0;0;0;0;0;0;0;0;0;6;0;0;0;0
"21/05/2023";"05:10:00";"78";"Acidente c";"450";"BR-101/SC";"Norte";"Colisão - Lateral";1;0;0;1;0;0;0;0;0;0;2;0;1;1;0
"22/05/2023";"11:16:00";"81";"Acidente c";"276";"BR-101/SC";"Norte";"Colisão - Traseira";0;0;0;1;0;0;0;0;0;1;3;0;0;0;1
"22/05/2023";"06:43:00";"118";"Acidente s";"424";"BR-101/SC";"Norte";"Saída de pista";1;0;0;0;0;0;0;0;0;0;1;0;0;0;0
"23/05/2023";"07:04:00";"25";"Acidente s";"405";"BR-101/SC";"Norte";"Saída de pista";1;0;0;0;0;0;0;0;0;0;1;0;0;0;0
"23/05/2023";"10:20:00";"82";"Acidente s";"345";"BR-101/SC";"Norte";"Engavetamento";4;0;0;0;0;0;0;0;0;0;4;0;0;0;0
"23/05/2023";"01:29:00";"105";"Acidente s";"444";"BR-101/SC";"Norte";"Colisão - Transversal";2;0;0;0;0;0;0;0;0;0;3;0;0;0;0
"23/05/2023";"06:26:00";"129";"Acidente c";"321";"BR-101/SC";"Norte";"Colisão - Traseira";0;0;0;1;0;0;0;0;0;0;1;0;1;0;0
"23/05/2023";"11:41:00";"153";"Acidente s";"311";"BR-101/SC";"Norte";"Colisão - Traseira";1;0;0;1;0;0;0;0;0;0;2;0;0;0;0
"24/05/2023";"01:40:00";"3";"Acidente s";"284";"BR-101/SC";"Sul";"Capotamento";1;0;0;0;0;0;0;0;0;0;4;0;0;0;0
"24/05/2023";"07:58:00";"42";"Acidente s";"379";"BR-101/SC";"Sul";"Saída de pista";1;0;0;0;0;0;0;1;0;0;2;0;0;0;0
"24/05/2023";"08:43:00";"53";"Acidente s";"364";"BR-101/SC";"Sul";"Saída de pista";1;0;0;0;0;0;0;0;0;0;3;0;0;0;0
"24/05/2023";"12:18:00";"88";"Acidente s";"295";"BR-101/SC";"Norte";"Colisão - Traseira";1;0;0;1;0;0;0;0;0;0;2;0;0;0;0
"24/05/2023";"03:42:00";"109";"Acidente c";"360";"BR-101/SC";"Norte";"Queda de moto";0;0;0;1;0;0;0;0;0;0;0;1;0;0;0
"24/05/2023";"04:48:00";"118";"Acidente s";"276";"BR-101/SC";"Sul";"Colisão - Lateral";1;0;0;0;0;0;0;1;0;0;2;0;0;0;0
"25/05/2023";"05:32:00";"7";"Acidente c";"354";"BR-101/SC";"Norte";"Saída de pista";0;0;1;0;0;0;0;0;0;0;0;0;1;0;0
"26/05/2023";"02:49:00";"7";"Atropelame";"334";"BR-101/SC";"Sul";"Atropelamento - Ambulante";1;0;0;0;0;0;0;0;0;0;2;0;0;0;1
"26/05/2023";"06:39:00";"16";"Acidente c";"336";"BR-101/SC";"Sul";"Choque Barreira";1;0;0;0;0;0;0;0;0;0;0;1;0;0;0
"26/05/2023";"05:24:00";"114";"Acidente s";"358";"BR-101/SC";"Sul";"Tombamento";1;0;0;0;0;0;0;0;0;0;1;0;0;0;0
"26/05/2023";"06:02:00";"118";"Acidente c";"332";"BR-101/SC";"Sul";"Colisão - Traseira";1;0;0;1;0;0;0;0;0;0;1;1;0;0;0
"27/05/2023";"06:30:00";"10";"Acidente s";"363";"BR-101/SC";"Norte";"Saída de pista";1;0;0;0;0;0;0;0;0;0;1;0;0;0;0
"27/05/2023";"07:33:00";"25";"Acidente s";"375";"BR-101/SC";"Sul";"Saída de pista";1;0;0;0;0;0;0;0;0;0;1;0;0;0;0
"27/05/2023";"10:10:00";"48";"Acidente s";"337";"BR-101/SC";"Sul";"Choque Barreira";1;0;0;0;0;0;0;0;0;0;2;0;0;0;0
"27/05/2023";"10:39:00";"52";"Acidente c";"349";"BR-101/SC";"Norte";"Choque Barreira";1;0;0;0;0;0;0;0;0;0;1;0;1;0;0
"27/05/2023";"11:05:00";"55";"Acidente c";"349";"BR-101/SC";"Norte";"Colisão - Traseira";2;0;0;0;0;0;0;0;0;0;3;0;1;0;0
"28/05/2023";"12:32:00";"1";"Acidente s";"324";"BR-101/SC";"Norte";"Capotamento";1;0;0;0;0;0;0;0;0;0;1;0;0;0;0
"28/05/2023";"03:08:00";"5";"Acidente s";"264";"BR-101/SC";"Sul";"Saída de pista";1;0;0;0;0;0;0;0;0;0;2;0;0;0;0
"28/05/2023";"04:18:00";"8";"Acidente s";"400";"BR-101/SC";"Sul";"Saída de pista";1;0;0;0;0;0;0;0;0;0;4;0;0;0;0
"28/05/2023";"05:34:00";"11";"Acidente s";"333";"BR-101/SC";"Norte";"Capotamento";1;0;0;0;0;0;0;0;0;0;4;0;0;0;0