data;horario;n_da_ocorrencia;tipo_de_ocorrencia;km;trecho;sentido;tipo_de_acidente;automovel;bicicleta;caminhao;moto;onibus;outros;tracao_animal;transporte_de_cargas_especiais;trator_maquinas;utilitarios;ilesos;levemente_feridos;moderadamente_feridos;gravemente_feridos;mortos
"07/01/2024";"06:56:20";"40";"Sem vítima";"266,000";"BR-101/SC";"Crescente";"Choque";0;0;0;0;0;0;0;0;0;0;1;0;0;0;0
"07/01/2024";"11:26:32";"65";"Sem vítima";"344,000";"BR-101/SC";"Crescente";"Colisão lateral no mesmo sentido";0;0;0;0;0;0;0;0;0;0;3;0;0;0;0
"07/01/2024";"01:26:00";"83";"Sem vítima";"361,000";"BR-101/SC";"Crescente";"Choque";0;0;0;0;0;0;0;0;0;0;1;0;0;0;0
"07/01/2024";"04:06:37";"104";"Sem vítima";"383,000";"BR-101/SC";"Crescente";"Acidentes de outra natureza";0;0;0;0;0;0;0;0;0;0;2;0;0;0;0
"07/01/2024";"04:16:12";"106";"Com vítima";"278,300";"BR-101/SC";"Crescente";"Atropelamento de animal";0;0;0;0;0;0;0;0;0;0;2;0;0;0;0
"07/01/2024";"04:32:00";"110";"Sem vítima";"314,000";"BR-101/SC";"Crescente";"Colisão traseira";0;0;0;0;0;0;0;0;0;0;3;0;0;0;0
"07/01/2024";"07:29:36";"120";"Sem vítima";"388,000";"BR-101/SC";"Crescente";"Capotamento";0;0;0;0;0;0;0;0;0;0;1;0;0;0;0
"07/01/2024";"09:55:53";"3";"Sem vítima";"382,000";"BR-101/SC";"Crescente";"Colisão traseira";0;0;0;0;0;0;0;0;0;0;6;0;0;0;0
"08/01/2024";"01:50:38";"11";"Sem vítima";"282,000";"BR-101/SC";"Crescente";"Acidentes de outra natureza";0;0;0;0;0;0;0;0;0;0;2;0;0;0;0
"08/01/2024";"04:38:49";"34";"Com vítima";"335,000";"BR-101/SC";"Decrescente";"Acidentes de outra natureza";0;0;0;0;0;0;0;0;0;0;1;0;0;0;0
"08/01/2024";"05:09:00";"150";"Sem vítima";"460,650";"BR-101/SC";"Decrescente";"Colisão lateral no mesmo sentido";0;0;0;0;0;0;0;0;0;0;2;0;0;0;0
"08/01/2024";"08:13:00";"158";"Sem vítima";"425,100";"BR-101/SC";"Decrescente";"Choque";0;0;0;0;0;0;0;0;0;0;1;0;0;0;0
"09/01/2024";"04:34:00";"30";"Sem vítima";"454,000";"BR-101/SC";"Crescente";"Choque";0;0;0;0;0;0;0;0;0;0;3;0;0;0;0
"09/01/2024";"09:36:00";"92";"Sem vítima";"336,000";"BR-101/SC";"Crescente";"Colisão traseira";0;0;0;0;0;0;0;0;0;0;5;0;0;0;0
"09/01/2024";"11:04:43";"104";"Sem vítima";"344,000";"BR-101/SC";"Crescente";"Colisão traseira";0;0;0;0;0;0;0;0;0;0;2;0;0;0;0
"09/01/2024";"02:56:00";"128";"Sem vítima";"380,000";"BR-101/SC";"Crescente";"Colisão transversal";0;0;0;0;0;0;0;0;0;0;4;0;0;0;0
"09/01/2024";"02:56:52";"129";"Com vítima";"330,000";"BR-101/SC";"Decrescente";"Colisão traseira";0;0;0;0;0;0;0;0;0;0;1;0;1;0;0
"09/01/2024";"08:19:00";"151";"Sem vítima";"359,800";"BR-101/SC";"Crescente";"Acidentes de outra natureza";0;0;0;0;0;0;0;0;0;0;2;0;0;0;0
"09/01/2024";"08:22:29";"152";"Sem vítima";"404,200";"BR-101/SC";"Decrescente";"Acidentes de outra natureza";0;0;0;0;0;0;0;0;0;0;1;0;0;0;0
"09/01/2024";"09:23:29";"2";"Sem vítima";"321,000";"BR-101/SC";"Decrescente";"Acidentes de outra natureza";0;0;0;0;0;0;0;0;0;0;1;0;0;0;0
"10/01/2024";"07:04:32";"75";"Sem vítima";"344,000";"BR-101/SC";"Crescente";"Colisão traseira";0;0;0;0;0;0;0;0;0;0;2;0;0;0;0
"10/01/2024";"07:38:55";"80";"Sem vítima";"275,900";"BR-101/SC";"Crescente";"Choque";0;0;0;0;0;0;0;0;0;0;12;0;0;0;0
"10/01/2024";"12:50:11";"119";"Sem vítima";"312,100";"BR-101/SC";"Decrescente";"Choque";0;0;0;0;0;0;0;0;0;0;1;0;0;0;0
"10/01/2024";"01:32:03";"123";"Sem vítima";"315,000";"BR-101/SC";"Decrescente";"Colisão traseira";0;0;0;0;0;0;0;0;0;0;2;0;0;0;0
"10/01/2024";"01:33:00";"125";"Sem vítima";"382,000";"BR-101/SC";"Decrescente";"Atropelamento de animal";0;0;0;0;0;0;0;0;0;0;1;0;0;0;0
"10/01/2024";"02:29:01";"128";"Com vítima";"328,000";"BR-101/SC";"Crescente";"Colisão traseira";0;0;0;0;0;0;0;0;0;0;1;0;1;0;0
"10/01/2024";"05:57:45";"141";"Sem vítima";"326,000";"BR-101/SC";"Crescente";"Choque";0;0;0;0;0;0;0;0;0;0;0;0;0;0;0
"10/01/2024";"07:27:49";"144";"Com vítima";"425,000";"BR-101/SC";"Decrescente";"Queda de moto";0;0;0;0;0;0;0;0;0;0;0;0;2;0;0
"10/01/2024";"08:13:14";"149";"Sem vítima";"415,000";"BR-101/SC";"Decrescente";"Colisão lateral no mesmo sentido";0;0;0;0;0;0;0;0;0;0;3;0;0;0;0
"11/01/2024";"07:28:00";"82";"Sem vítima";"447,000";"BR-101/SC";"Decrescente";"Colisão traseira";0;0;0;0;0;0;0;0;0;0;3;0;0;0;0
"11/01/2024";"11:57:28";"112";"Sem vítima";"361,400";"BR-101/SC";"Decrescente";"Choque";0;0;0;0;0;0;0;0;0;0;2;0;0;0;0
"11/01/2024";"01:32:00";"120";"Sem vítima";"323,000";"BR-101/SC";"Crescente";"Acidentes de outra natureza";0;0;0;0;0;0;0;0;0;0;3;0;0;0;0
"11/01/2024";"06:56:48";"148";"Com vítima";"274,000";"BR-101/SC";"Crescente";"Colisão traseira";0;0;0;0;0;0;0;0;0;0;2;2;0;0;0
"11/01/2024";"09:41:00";"2";"Sem vítima";"382,000";"BR-101/SC";"Decrescente";"Choque";0;0;0;0;0;0;0;0;0;0;5;0;0;0;0
"11/01/2024";"10:12:09";"6";"Com vítima";"432,000";"BR-101/SC";"Decrescente";"Choque";0;0;0;0;0;0;0;0;0;0;0;1;0;0;0
"12/01/2024";"02:12:29";"18";"Sem vítima";"392,000";"BR-101/SC";"Decrescente";"Acidentes de outra natureza";0;0;0;0;0;0;0;0;0;0;1;0;0;0;0
"12/01/2024";"12:15:54";"139";"Sem vítima";"454,000";"BR-101/SC";"Crescente";"Colisão traseira";0;0;0;0;0;0;0;0;0;0;5;0;0;0;0
"12/01/2024";"01:43:00";"151";"Sem vítima";"338,000";"BR-101/SC";"Decrescente";"Colisão transversal";0;0;0;0;0;0;0;0;0;0;3;0;0;0;0
"12/01/2024";"05:43:00";"168";"Sem vítima";"360,000";"BR-101/SC";"Crescente";"Choque";0;0;0;0;0;0;0;0;0;0;1;0;0;0;0
"12/01/2024";"05:52:18";"169";"Sem vítima";"360,000";"BR-101/SC";"Decrescente";"Choque";0;0;0;0;0;0;0;0;0;0;4;0;0;0;0
"12/01/2024";"11:01:23";"8";"Sem vítima";"310,000";"BR-101/SC";"Decrescente";"Engavetamento";0;0;0;0;0;0;0;0;0;0;3;0;0;0;0
"13/01/2024";"11:35:55";"96";"Sem vítima";"464,000";"BR-101/SC";"Decrescente";"Acidentes de outra natureza";0;0;0;0;0;0;0;0;0;0;2;0;0;0;0
"13/01/2024";"02:01:00";"112";"Sem vítima";"330,000";"BR-101/SC";"Decrescente";"Acidentes de outra natureza";0;0;0;0;0;0;0;0;0;0;3;0;0;0;0
"14/01/2024";"05:02:01";"114";"Sem vítima";"319,000";"BR-101/SC";"Crescente";"Colisão traseira";0;0;0;0;0;0;0;0;0;0;5;0;0;0;0
"14/01/2024";"08:13:00";"120";"Sem vítima";"446,000";"BR-101/SC";"Crescente";"Acidentes de outra natureza";0;0;0;0;0;0;0;0;0;0;1;0;0;0;0
"15/01/2024";"05:11:02";"45";"Sem vítima";"377,000";"BR-101/SC";"Decrescente";"Tombamento";0;0;0;0;0;0;0;0;0;0;1;0;0;0;0
"15/01/2024";"06:34:46";"58";"Sem vítima";"298,000";"BR-101/SC";"Crescente";"Choque";0;0;0;0;0;0;0;0;0;0;1;0;0;0;0
"15/01/2024";"07:13:00";"67";"Sem vítima";"379,500";"BR-101/SC";"Decrescente";"Engavetamento";0;0;0;0;0;0;0;0;0;0;6;0;0;0;0
"15/01/2024";"08:19:05";"74";"Com vítima";"358,900";"BR-101/SC";"Decrescente";"Engavetamento";0;0;0;0;0;0;0;0;0;0;6;0;1;0;0
"15/01/2024";"05:53:58";"140";"Sem vítima";"383,000";"BR-101/SC";"Crescente";"Choque";0;0;0;0;0;0;0;0;0;0;1;0;0;0;0
"16/01/2024";"11:25:21";"101";"Com vítima";"301,900";"BR-101/SC";"Decrescente";"Colisão traseira";0;0;0;0;0;0;0;0;0;0;0;1;0;0;0
"16/01/2024";"01:53:05";"117";"Com vítima";"441,100";"BR-101/SC";"Crescente";"Colisão lateral no mesmo sentido";0;0;0;0;0;0;0;0;0;0;0;2;0;0;0
"17/01/2024";"04:39:00";"37";"Sem vítima";"282,000";"BR-101/SC";"Crescente";"Acidentes de outra natureza";0;0;0;0;0;0;0;0;0;0;2;0;0;0;0
"17/01/2024";"10:20:19";"119";"Sem vítima";"395,000";"BR-101/SC";"Crescente";"Colisão traseira";0;0;0;0;0;0;0;0;0;0;2;0;0;0;0
"18/01/2024";"08:07:00";"70";"Sem vítima";"257,400";"BR-101/SC";"Decrescente";"Acidentes de outra natureza";0;0;0;0;0;0;0;0;0;0;1;0;0;0;0
"18/01/2024";"09:47:00";"88";"Sem vítima";"337,500";"BR-101/SC";"Decrescente";"Acidentes de outra natureza";0;0;0;0;0;0;0;0;0;0;1;0;0;0;0
"18/01/2024";"03:23:18";"117";"Sem vítima";"441,800";"BR-101/SC";"Crescente";"Choque";0;0;0;0;0;0;0;0;0;0;1;0;0;0;0
"19/01/2024";"04:58:54";"42";"Com vítima";"328,050";"BR-101/SC";"Crescente";"Colisão traseira";0;0;0;0;0;0;0;0;0;0;3;2;0;0;0
"19/01/2024";"01:59:16";"139";"Sem vítima";"319,800";"BR-101/SC";"Decrescente";"Colisão lateral no mesmo sentido";0;0;0;0;0;0;0;0;0;0;4;0;0;0;0
"19/01/2024";"04:44:49";"156";"Com vítima";"413,000";"BR-101/SC";"Crescente";"Atropelamento de pedestre";0;0;0;0;0;0;0;0;0;0;2;0;0;0;0
"19/01/2024";"07:06:42";"165";"Sem vítima";"404,800";"BR-101/SC";"Decrescente";"Acidentes de outra natureza";0;0;0;0;0;0;0;0;0;0;2;0;0;0;0
"20/01/2024";"05:01:47";"33";"Com vítima";"309,700";"BR-101/SC";"Crescente";"Capotamento";0;0;0;0;0;0;0;0;0;0;0;0;2;0;0
"20/01/2024";"07:36:00";"56";"Sem vítima";"273,000";"BR-101/SC";"Decrescente";"Colisão lateral no mesmo sentido";0;0;0;0;0;0;0;0;0;0;4;0;0;0;0
"20/01/2024";"10:11:00";"79";"Sem vítima";"330,700";"BR-101/SC";"Crescente";"Choque";0;0;0;0;0;0;0;0;0;0;2;0;0;0;0
"20/01/2024";"11:06:00";"83";"Com vítima";"361,000";"BR-101/SC";"Crescente";"Choque";0;0;0;0;0;0;0;0;0;0;2;2;0;0;0
"20/01/2024";"06:05:32";"111";"Sem vítima";"337,900";"BR-101/SC";"Crescente";"Capotamento";0;0;0;0;0;0;0;0;0;0;1;0;0;0;0
"20/01/2024";"10:07:31";"4";"Com vítima";"401,000";"BR-101/SC";"Crescente";"Queda de moto";0;0;0;0;0;0;0;0;0;0;0;0;1;0;0
"20/01/2024";"10:37:46";"6";"Sem vítima";"289,000";"BR-101/SC";"Decrescente";"Colisão traseira";0;0;0;0;0;0;0;0;0;0;2;0;0;0;0
"20/01/2024";"10:51:11";"7";"Sem vítima";"334,000";"BR-101/SC";"Crescente";"Colisão transversal";0;0;0;0;0;0;0;0;0;0;5;0;0;0;0
"21/01/2024";"01:12:48";"12";"Sem vítima";"291,000";"BR-101/SC";"Decrescente";"Colisão traseira";0;0;0;0;0;0;0;0;0;0;2;0;0;0;0
"21/01/2024";"02:19:16";"15";"Sem vítima";"423,000";"BR-101/SC";"Crescente";"Colisão traseira";0;0;0;0;0;0;0;0;0;0;2;0;0;0;0
"21/01/2024";"07:01:00";"32";"Com vítima";"382,850";"BR-101/SC";"Decrescente";"Capotamento";0;0;0;0;0;0;0;0;0;0;1;2;0;0;0
"21/01/2024";"07:43:13";"36";"Sem vítima";"272,700";"BR-101/SC";"Crescente";"Choque";0;0;0;0;0;0;0;0;0;0;4;0;0;0;0
"21/01/2024";"08:16:33";"41";"Com vítima";"306,000";"BR-101/SC";"Decrescente";"Choque";0;0;0;0;0;0;0;0;0;0;0;0;1;0;0
"21/01/2024";"09:54:32";"45";"Sem vítima";"338,300";"BR-101/SC";"Crescente";"Acidentes de outra natureza";0;0;0;0;0;0;0;0;0;0;3;0;0;0;0
"21/01/2024";"01:28:00";"63";"Sem vítima";"313,000";"BR-101/SC";"Crescente";"Colisão traseira";0;0;0;0;0;0;0;0;0;0;6;0;0;0;0
"21/01/2024";"06:49:31";"91";"Sem vítima";"359,000";"BR-101/SC";"Decrescente";"Acidentes de outra natureza";0;0;0;0;0;0;0;0;0;0;2;0;0;0;0
"21/01/2024";"09:53:51";"1";"Sem vítima";"380,000";"BR-101/SC";"Decrescente";"Acidentes de outra natureza";0;0;0;0;0;0;0;0;0;0;1;0;0;0;0
"22/01/2024";"05:26:09";"57";"Sem vítima";"364,400";"BR-101/SC";"Decrescente";"Acidentes de outra natureza";0;0;0;0;0;0;0;0;0;0;1;0;0;0;0
"22/01/2024";"09:05:52";"94";"Sem vítima";"251,000";"BR-101/SC";"Crescente";"Colisão lateral no mesmo sentido";0;0;0;0;0;0;0;0;0;0;2;0;0;0;0
"22/01/2024";"02:02:16";"125";"Sem vítima";"296,200";"BR-101/SC";"Crescente";"Atropelamento de animal";0;0;0;0;0;0;0;0;0;0;1;0;0;0;0
"22/01/2024";"02:02:16";"129";"Sem vítima";"296,200";"BR-101/SC";"Crescente";"Choque";0;0;0;0;0;0;0;0;0;0;1;0;0;0;0
"22/01/2024";"03:27:20";"136";"Sem vítima";"461,000";"BR-101/SC";"Decrescente";"Acidentes de outra natureza";0;0;0;0;0;0;0;0;0;0;1;0;0;0;0
"22/01/2024";"06:07:00";"150";"Com vítima";"435,000";"BR-101/SC";"Decrescente";"Queda de moto";0;0;0;0;0;0;0;0;0;0;0;2;0;0;0
"23/01/2024";"12:22:16";"132";"Sem vítima";"278,550";"BR-101/SC";"Crescente";"Colisão lateral no mesmo sentido";0;0;0;0;0;0;0;0;0;0;2;0;0;0;0
"23/01/2024";"02:03:29";"144";"Com vítima";"421,000";"BR-101/SC";"Crescente";"Colisão lateral no mesmo sentido";0;0;0;0;0;0;0;0;0;0;0;0;0;0;0
"24/01/2024";"06:06:46";"62";"Com vítima";"371,200";"BR-101/SC";"Decrescente";"Choque";0;0;0;0;0;0;0;0;0;0;0;1;0;0;1
"24/01/2024";"06:53:08";"73";"Com vítima";"436,420";"BR-101/SC";"Crescente";"Acidentes de outra natureza";0;0;0;0;0;0;0;0;0;0;2;0;0;0;0
"24/01/2024";"08:59:18";"89";"Sem vítima";"256,400";"BR-101/SC";"Crescente";"Capotamento";0;0;0;0;0;0;0;0;0;0;1;0;0;0;0
"24/01/2024";"09:12:00";"90";"Sem vítima";"258,200";"BR-101/SC";"Decrescente";"Choque";0;0;0;0;0;0;0;0;0;0;3;0;0;0;0
"24/01/2024";"09:34:17";"92";"Com vítima";"437,000";"BR-101/SC";"Crescente";"Capotamento";0;0;0;0;0;0;0;0;0;0;1;0;1;0;0
"24/01/2024";"12:59:08";"117";"Sem vítima";"289,000";"BR-101/SC";"Crescente";"Colisão traseira";0;0;0;0;0;0;0;0;0;0;3;0;0;0;0
"24/01/2024";"03:18:00";"136";"Sem vítima";"328,000";"BR-101/SC";"Crescente";"Colisão traseira";0;0;0;0;0;0;0;0;0;0;4;0;0;0;0
"24/01/2024";"03:29:00";"137";"Sem vítima";"277,000";"BR-101/SC";"Crescente";"Choque";0;0;0;0;0;0;0;0;0;0;2;0;0;0;0
"25/01/2024";"03:04:46";"12";"Sem vítima";"268,000";"BR-101/SC";"Decrescente";"Acidentes de outra natureza";0;0;0;0;0;0;0;0;0;0;2;0;0;0;0
"25/01/2024";"09:02:50";"89";"Sem vítima";"339,200";"BR-101/SC";"Decrescente";"Choque";0;0;0;0;0;0;0;0;0;0;3;0;0;0;0
"25/01/2024";"09:04:15";"90";"Sem vítima";"404,000";"BR-101/SC";"Decrescente";"Colisão traseira";0;0;0;0;0;0;0;0;0;0;3;0;0;0;0
"25/01/2024";"09:09:00";"91";"Sem vítima";"295,000";"BR-101/SC";"Crescente";"Choque";0;0;0;0;0;0;0;0;0;0;1;0;0;0;0
"25/01/2024";"11:09:00";"98";"Com vítima";"276,000";"BR-101/SC";"Crescente";"Choque";0;0;0;0;0;0;0;0;0;0;0;1;0;0;0
"25/01/2024";"02:19:16";"119";"Com vítima";"346,350";"BR-101/SC";"Decrescente";"Queda de moto";0;0;0;0;0;0;0;0;0;0;1;1;0;0;0
"26/01/2024";"02:12:00";"6";"Sem vítima";"317,000";"BR-101/SC";"Decrescente";"Acidentes de outra natureza";0;0;0;0;0;0;0;0;0;0;1;0;0;0;0
"26/01/2024";"03:29:20";"8";"Com vítima";"253,000";"BR-101/SC";"Crescente";"Acidentes de outra natureza";0;0;0;0;0;0;0;0;0;0;0;0;0;0;0
"26/01/2024";"10:07:00";"89";"Sem vítima";"399,000";"BR-101/SC";"Decrescente";"Acidentes de outra natureza";0;0;0;0;0;0;0;0;0;0;1;0;0;0;0
"26/01/2024";"11:51:15";"99";"Com vítima";"285,600";"BR-101/SC";"Decrescente";"Acidentes de outra natureza";0;0;0;0;0;0;0;0;0;0;1;1;0;0;0
"26/01/2024";"12:10:00";"100";"Sem vítima";"336,000";"BR-101/SC";"Crescente";"Acidentes de outra natureza";0;0;0;0;0;0;0;0;0;0;3;0;0;0;0
"26/01/2024";"12:16:05";"101";"Sem vítima";"404,000";"BR-101/SC";"Decrescente";"Colisão lateral no mesmo sentido";0;0;0;0;0;0;0;0;0;0;1;0;0;0;0
"26/01/2024";"06:51:00";"131";"Sem vítima";"378,000";"BR-101/SC";"Crescente";"Acidentes de outra natureza";0;0;0;0;0;0;0;0;0;0;0;0;0;0;0
"27/01/2024";"05:20:00";"43";"Sem vítima";"327,800";"BR-101/SC";"Decrescente";"Acidentes de outra natureza";0;0;0;0;0;0;0;0;0;0;1;0;0;0;0
"27/01/2024";"09:22:38";"71";"Com vítima";"350,200";"BR-101/SC";"Crescente";"Acidentes de outra natureza";0;0;0;0;0;0;0;0;0;0;1;1;0;0;0
"27/01/2024";"11:07:58";"88";"Com vítima";"334,500";"BR-101/SC";"Decrescente";"Colisão lateral no mesmo sentido";0;0;0;0;0;0;0;0;0;0;3;1;0;0;0
"27/01/2024";"03:44:22";"119";"Com vítima";"298,000";"BR-101/SC";"Crescente";"Choque";0;0;0;0;0;0;0;0;0;0;1;1;0;0;0
"27/01/2024";"03:59:00";"121";"Sem vítima";"362,200";"BR-101/SC";"Decrescente";"Choque";0;0;0;0;0;0;0;0;0;0;3;0;0;0;0
"27/01/2024";"04:07:32";"123";"Com vítima";"404,000";"BR-101/SC";"Crescente";"Queda de moto";0;0;0;0;0;0;0;0;0;0;0;1;0;0;0
"27/01/2024";"05:08:12";"124";"Sem vítima";"344,000";"BR-101/SC";"Crescente";"Choque";0;0;0;0;0;0;0;0;0;0;1;0;0;0;0
"27/01/2024";"05:11:00";"125";"Com vítima";"331,000";"BR-101/SC";"Crescente";"Queda de moto";0;0;0;0;0;0;0;0;0;0;0;0;1;0;0
"27/01/2024";"09:03:36";"1";"Com vítima";"371,000";"BR-101/SC";"Crescente";"Colisão frontal";0;0;0;0;0;0;0;0;0;0;5;3;0;0;0
"27/01/2024";"10:14:52";"5";"Sem vítima";"374,000";"BR-101/SC";"Decrescente";"Capotamento";0;0;0;0;0;0;0;0;0;0;3;0;0;0;0
"28/01/2024";"02:37:02";"80";"Sem vítima";"258,600";"BR-101/SC";"Decrescente";"Choque";0;0;0;0;0;0;0;0;0;0;3;0;0;0;0
"28/01/2024";"04:54:27";"93";"Com vítima";"331,200";"BR-101/SC";"Decrescente";"Colisão transversal";0;0;0;0;0;0;0;0;0;0;1;1;0;0;0
"28/01/2024";"06:12:51";"98";"Sem vítima";"342,000";"BR-101/SC";"Crescente";"Queda de moto";0;0;0;0;0;0;0;0;0;0;1;0;0;0;0
"28/01/2024";"07:19:32";"100";"Com vítima";"402,000";"BR-101/SC";"Decrescente";"Colisão transversal";0;0;0;0;0;0;0;0;0;0;3;0;1;0;0
"29/01/2024";"07:18:02";"73";"Sem vítima";"298,000";"BR-101/SC";"Crescente";"Colisão traseira";0;0;0;0;0;0;0;0;0;0;4;0;0;0;0
"29/01/2024";"07:47:00";"79";"Sem vítima";"358,700";"BR-101/SC";"Crescente";"Choque";0;0;0;0;0;0;0;0;0;0;1;0;0;0;0
"29/01/2024";"07:58:07";"80";"Sem vítima";"357,900";"BR-101/SC";"Crescente";"Colisão traseira";0;0;0;0;0;0;0;0;0;0;3;0;0;0;0
"29/01/2024";"08:08:49";"81";"Sem vítima";"307,500";"BR-101/SC";"Decrescente";"Colisão traseira";0;0;0;0;0;0;0;0;0;0;5;0;0;0;0
"29/01/2024";"08:12:29";"83";"Com vítima";"357,200";"BR-101/SC";"Crescente";"Engavetamento";0;0;0;0;0;0;0;0;0;0;9;1;0;0;0
"29/01/2024";"11:40:52";"113";"Sem vítima";"381,600";"BR-101/SC";"Crescente";"Colisão traseira";0;0;0;0;0;0;0;0;0;0;1;0;0;0;0
"30/01/2024";"12:46:00";"12";"Sem vítima";"423,000";"BR-101/SC";"Decrescente";"Capotamento";0;0;0;0;0;0;0;0;0;0;1;0;0;0;0
"30/01/2024";"07:16:00";"94";"Sem vítima";"295,000";"BR-101/SC";"Crescente";"Engavetamento";0;0;0;0;0;0;0;0;0;0;7;0;0;0;0
"30/01/2024";"08:50:00";"103";"Sem vítima";"396,822";"BR-101/SC";"Decrescente";"Choque";0;0;0;0;0;0;0;0;0;0;3;0;0;0;0
"30/01/2024";"09:10:10";"106";"Com vítima";"294,303";"BR-101/SC";"Crescente";"Colisão traseira";0;0;0;0;0;0;0;0;0;0;3;1;0;0;0
"30/01/2024";"10:01:20";"110";"Sem vítima";"372,230";"BR-101/SC";"Crescente";"Colisão traseira";0;0;0;0;0;0;0;0;0;0;4;0;0;0;0
"30/01/2024";"12:00:44";"126";"Sem vítima";"341,000";"BR-101/SC";"Decrescente";"Queda de moto";0;0;0;0;0;0;0;0;0;0;1;0;0;0;0
"30/01/2024";"12:05:00";"127";"Sem vítima";"392,000";"BR-101/SC";"Crescente";"Engavetamento";0;0;0;0;0;0;0;0;0;0;6;0;0;0;0
"30/01/2024";"04:37:39";"153";"Sem vítima";"332,000";"BR-101/SC";"Decrescente";"Acidentes de outra natureza";0;0;0;0;0;0;0;0;0;0;1;0;0;0;0
"30/01/2024";"07:48:27";"167";"Sem vítima";"312,000";"BR-101/SC";"Crescente";"Choque";0;0;0;0;0;0;0;0;0;0;4;0;0;0;0
"31/01/2024";"08:22:50";"108";"Sem vítima";"342,000";"BR-101/SC";"Decrescente";"Colisão traseira";0;0;0;0;0;0;0;0;0;0;3;0;0;0;0
"31/01/2024";"01:04:09";"142";"Sem vítima";"457,000";"BR-101/SC";"Crescente";"Colisão traseira";0;0;0;0;0;0;0;0;0;0;6;0;0;0;0
"31/01/2024";"05:50:05";"174";"Sem vítima";"350,000";"BR-101/SC";"Decrescente";"Colisão traseira";0;0;0;0;0;0;0;0;0;0;2;0;0;0;0
"01/02/2024";"07:22:17";"90";"Sem vítima";"344,000";"BR-101/SC";"Decrescente";"Colisão traseira";0;0;0;0;0;0;0;0;0;0;2;0;0;0;0
"01/02/2024";"10:37:27";"110";"Sem vítima";"349,000";"BR-101/SC";"Crescente";"Engavetamento";0;0;0;0;0;0;0;0;0;0;13;0;0;0;0
"01/02/2024";"10:39:32";"111";"Sem vítima";"436,000";"BR-101/SC";"Decrescente";"Acidentes de outra natureza";0;0;0;0;0;0;0;0;0;0;0;0;0;0;0
"01/02/2024";"10:59:00";"112";"Sem vítima";"344,000";"BR-101/SC";"Decrescente";"Colisão traseira";0;0;0;0;0;0;0;0;0;0;5;0;0;0;0
"01/02/2024";"02:24:49";"140";"Sem vítima";"297,000";"BR-101/SC";"Crescente";"Colisão traseira";0;0;0;0;0;0;0;0;0;0;3;0;0;0;0
"01/02/2024";"03:42:19";"159";"Sem vítima";"383,000";"BR-101/SC";"Decrescente";"Choque";0;0;0;0;0;0;0;0;0;0;1;0;0;0;0
"01/02/2024";"07:51:00";"179";"Com vítima";"411,000";"BR-101/SC";"Decrescente";"Choque";0;0;0;0;0;0;0;0;0;0;0;1;0;0;0
"02/02/2024";"04:46:48";"43";"Com vítima";"328,800";"BR-101/SC";"Crescente";"Colisão traseira";0;0;0;0;0;0;0;0;0;0;5;1;0;0;0
"02/02/2024";"05:33:14";"68";"Sem vítima";"340,800";"BR-101/SC";"Crescente";"Colisão traseira";0;0;0;0;0;0;0;0;0;0;8;0;0;0;0
"02/02/2024";"06:05:23";"79";"Com vítima";"429,200";"BR-101/SC";"Crescente";"Acidentes de outra natureza";0;0;0;0;0;0;0;0;0;0;0;0;0;0;0
"02/02/2024";"08:08:03";"97";"Sem vítima";"368,050";"BR-101/SC";"Crescente";"Colisão traseira";0;0;0;0;0;0;0;0;0;0;8;0;0;0;0
"02/02/2024";"09:52:13";"110";"Sem vítima";"365,800";"BR-101/SC";"Decrescente";"Colisão traseira";0;0;0;0;0;0;0;0;0;0;1;0;0;0;0
"02/02/2024";"11:57:38";"124";"Sem vítima";"428,050";"BR-101/SC";"Crescente";"Colisão lateral no mesmo sentido";0;0;0;0;0;0;0;0;0;0;3;0;0;0;0
"02/02/2024";"12:40:55";"128";"Sem vítima";"281,800";"BR-101/SC";"Decrescente";"Choque";0;0;0;0;0;0;0;0;0;0;1;0;0;0;0
"02/02/2024";"04:43:00";"153";"Sem vítima";"418,000";"BR-101/SC";"Decrescente";"Colisão lateral no mesmo sentido";0;0;0;0;0;0;0;0;0;0;5;0;0;0;0