data;horario;n_da_ocorrencia;tipo_de_ocorrencia;km;trecho;sentido;tipo_de_acidente;automovel;bicicleta;caminhao;moto;onibus;outros;tracao_animal;transporte_de_cargas_especiais;trator_maquinas;utilitarios;ilesos;levemente_feridos;moderadamente_feridos;gravemente_feridos;mortos
"02/02/2024";"05:02:00";"157";"Com vítima";"361,000";"BR-101/SC";"Crescente";"Colisão frontal";0;0;0;0;0;0;0;0;0;0;2;0;1;1;0
"03/02/2024";"12:45:00";"7";"Com vítima";"277,000";"BR-101/SC";"Decrescente";"Acidentes de outra natureza";0;0;0;0;0;0;0;0;0;0;0;0;1;0;0
"03/02/2024";"08:28:00";"58";"Com vítima";"287,700";"BR-101/SC";"Crescente";"Choque";0;0;0;0;0;0;0;0;0;0;0;1;0;0;0
"03/02/2024";"12:10:30";"84";"Sem vítima";"304,900";"BR-101/SC";"Crescente";"Colisão traseira";0;0;0;0;0;0;0;0;0;0;3;0;0;0;0
"03/02/2024";"04:08:10";"113";"Com vítima";"295,000";"BR-101/SC";"Crescente";"Capotamento";0;0;0;0;0;0;0;0;0;0;0;0;0;0;1
"04/02/2024";"04:30:10";"19";"Sem vítima";"302,200";"BR-101/SC";"Decrescente";"Colisão traseira";0;0;0;0;0;0;0;0;0;0;2;0;0;0;0
"04/02/2024";"03:00:24";"97";"Sem vítima";"298,000";"BR-101/SC";"Crescente";"Colisão traseira";0;0;0;0;0;0;0;0;0;0;3;0;0;0;0
"04/02/2024";"07:48:00";"123";"Sem vítima";"366,000";"BR-101/SC";"Crescente";"Choque";0;0;0;0;0;0;0;0;0;0;3;0;0;0;0
"05/02/2024";"12:19:06";"123";"Com vítima";"333,150";"BR-101/SC";"Decrescente";"Colisão traseira";0;0;0;0;0;0;0;0;0;0;1;1;0;0;0
"05/02/2024";"08:58:55";"158";"Sem vítima";"399,000";"BR-101/SC";"Crescente";"Colisão traseira";0;0;0;0;0;0;0;0;0;0;2;0;0;0;0
"05/02/2024";"10:29:00";"4";"Sem vítima";"280,000";"BR-101/SC";"Crescente";"Acidentes de outra natureza";0;0;0;0;0;0;0;0;0;0;1;0;0;0;0
"06/02/2024";"03:51:26";"22";"Com vítima";"333,100";"BR-101/SC";"Crescente";"Queda de moto";0;0;0;0;0;0;0;0;0;0;0;1;0;0;0
"06/02/2024";"04:40:16";"43";"Com vítima";"328,100";"BR-101/SC";"Crescente";"Colisão traseira";0;0;0;0;0;0;0;0;0;0;1;1;0;0;0
"06/02/2024";"05:14:00";"57";"Sem vítima";"297,000";"BR-101/SC";"Decrescente";"Colisão traseira";0;0;0;0;0;0;0;0;0;0;2;0;0;0;0
"06/02/2024";"07:28:00";"88";"Com vítima";"309,000";"BR-101/SC";"Decrescente";"Queda de moto";0;0;0;0;0;0;0;0;0;0;0;1;0;0;0
"06/02/2024";"10:21:56";"109";"Sem vítima";"381,000";"BR-101/SC";"Crescente";"Colisão lateral no mesmo sentido";0;0;0;0;0;0;0;0;0;0;3;0;0;0;0
"06/02/2024";"01:33:36";"128";"Com vítima";"282,000";"BR-101/SC";"Crescente";"Choque";0;0;0;0;0;0;0;0;0;0;0;0;1;0;0
"06/02/2024";"03:05:55";"135";"Sem vítima";"335,000";"BR-101/SC";"Crescente";"Colisão traseira";0;0;0;0;0;0;0;0;0;0;2;0;0;0;0
"06/02/2024";"03:44:25";"140";"Com vítima";"426,150";"BR-101/SC";"Crescente";"Colisão transversal";0;0;0;0;0;0;0;0;0;0;3;0;1;0;0
"06/02/2024";"04:27:15";"147";"Com vítima";"335,000";"BR-101/SC";"Crescente";"Choque";0;0;0;0;0;0;0;0;0;0;0;1;0;1;0
"06/02/2024";"06:15:00";"156";"Sem vítima";"390,000";"BR-101/SC";"Crescente";"Colisão traseira";0;0;0;0;0;0;0;0;0;0;2;0;0;0;0
"06/02/2024";"08:33:37";"164";"Sem vítima";"260,000";"BR-101/SC";"Crescente";"Choque";0;0;0;0;0;0;0;0;0;0;1;0;0;0;0
"06/02/2024";"10:39:09";"3";"Sem vítima";"350,300";"BR-101/SC";"Crescente";"Acidentes de outra natureza";0;0;0;0;0;0;0;0;0;0;1;0;0;0;0
"07/02/2024";"03:00:20";"11";"Sem vítima";"298,000";"BR-101/SC";"Decrescente";"Colisão traseira";0;0;0;0;0;0;0;0;0;0;3;0;0;0;0
"07/02/2024";"03:35:56";"14";"Sem vítima";"245,800";"BR-101/SC";"Decrescente";"Capotamento";0;0;0;0;0;0;0;0;0;0;1;0;0;0;0
"07/02/2024";"03:59:31";"18";"Sem vítima";"414,300";"BR-101/SC";"Decrescente";"Capotamento";0;0;0;0;0;0;0;0;0;0;3;0;0;0;0
"07/02/2024";"06:19:15";"64";"Sem vítima";"397,100";"BR-101/SC";"Crescente";"Colisão traseira";0;0;0;0;0;0;0;0;0;0;5;0;0;0;0
"07/02/2024";"11:58:20";"118";"Sem vítima";"404,000";"BR-101/SC";"Crescente";"Colisão traseira";0;0;0;0;0;0;0;0;0;0;4;0;0;0;0
"07/02/2024";"03:03:00";"138";"Com vítima";"317,400";"BR-101/SC";"Decrescente";"Acidentes de outra natureza";0;0;0;0;0;0;0;0;0;0;1;0;0;0;0
"08/02/2024";"12:21:00";"10";"Sem vítima";"384,000";"BR-101/SC";"Crescente";"Acidentes de outra natureza";0;0;0;0;0;0;0;0;0;0;1;0;0;0;0
"08/02/2024";"05:41:48";"63";"Sem vítima";"336,500";"BR-101/SC";"Crescente";"Colisão traseira";0;0;0;0;0;0;0;0;0;0;3;0;0;0;0
"08/02/2024";"02:59:03";"125";"Com vítima";"332,000";"BR-101/SC";"Decrescente";"Colisão lateral no mesmo sentido";0;0;0;0;0;0;0;0;0;0;1;1;0;0;0
"08/02/2024";"05:30:00";"146";"Sem vítima";"457,000";"BR-101/SC";"Crescente";"Colisão lateral no mesmo sentido";0;0;0;0;0;0;0;0;0;0;2;0;0;0;0
"08/02/2024";"09:58:42";"5";"Com vítima";"327,000";"BR-101/SC";"Decrescente";"Queda de moto";0;0;0;0;0;0;0;0;0;0;0;1;0;0;0
"09/02/2024";"12:58:23";"11";"Com vítima";"307,000";"BR-101/SC";"Crescente";"Colisão traseira";0;0;0;0;0;0;0;0;0;0;2;0;1;0;0
"09/02/2024";"08:23:00";"101";"Sem vítima";"355,400";"BR-101/SC";"Decrescente";"Engavetamento";0;0;0;0;0;0;0;0;0;0;8;0;0;0;0
"09/02/2024";"11:23:00";"124";"Sem vítima";"358,000";"BR-101/SC";"Decrescente";"Engavetamento";0;0;0;0;0;0;0;0;0;0;1;0;0;0;0
"09/02/2024";"04:32:24";"161";"Sem vítima";"404,200";"BR-101/SC";"Crescente";"Colisão traseira";0;0;0;0;0;0;0;0;0;0;5;0;0;0;0
"09/02/2024";"05:14:54";"167";"Com vítima";"441,700";"BR-101/SC";"Crescente";"Colisão traseira";0;0;0;0;0;0;0;0;0;0;1;0;0;1;0
"09/02/2024";"05:49:00";"174";"Sem vítima";"425,400";"BR-101/SC";"Decrescente";"Colisão lateral no mesmo sentido";0;0;0;0;0;0;0;0;0;0;1;0;0;0;0
"09/02/2024";"07:49:00";"181";"Com vítima";"325,000";"BR-101/SC";"Decrescente";"Queda de moto";0;0;0;0;0;0;0;0;0;0;0;2;0;0;0
"09/02/2024";"11:29:12";"8";"Sem vítima";"367,000";"BR-101/SC";"Decrescente";"Acidentes de outra natureza";0;0;0;0;0;0;0;0;0;0;1;0;0;0;0
"10/02/2024";"01:23:03";"15";"Sem vítima";"309,700";"BR-101/SC";"Decrescente";"Acidentes de outra natureza";0;0;0;0;0;0;0;0;0;0;2;0;0;0;0
"10/02/2024";"03:18:21";"20";"Sem vítima";"404,000";"BR-101/SC";"Decrescente";"Colisão lateral no mesmo sentido";0;0;0;0;0;0;0;0;0;0;3;0;0;0;0
"10/02/2024";"06:48:01";"51";"Sem vítima";"336,000";"BR-101/SC";"Crescente";"Colisão traseira";0;0;0;0;0;0;0;0;0;0;5;0;0;0;0
"10/02/2024";"06:58:01";"53";"Sem vítima";"348,000";"BR-101/SC";"Decrescente";"Engavetamento";0;0;0;0;0;0;0;0;0;0;9;0;0;0;0
"10/02/2024";"07:36:22";"56";"Sem vítima";"367,000";"BR-101/SC";"Decrescente";"Colisão traseira";0;0;0;0;0;0;0;0;0;0;2;0;0;0;0
"10/02/2024";"07:56:27";"59";"Sem vítima";"331,000";"BR-101/SC";"Decrescente";"Colisão traseira";0;0;0;0;0;0;0;0;0;0;4;0;0;0;0
"10/02/2024";"10:47:00";"83";"Com vítima";"316,000";"BR-101/SC";"Crescente";"Queda de moto";0;0;0;0;0;0;0;0;0;0;0;2;0;0;0
"10/02/2024";"11:58:01";"93";"Sem vítima";"260,000";"BR-101/SC";"Decrescente";"Colisão lateral no mesmo sentido";0;0;0;0;0;0;0;0;0;0;2;0;0;0;0
"10/02/2024";"03:22:00";"116";"Com vítima";"330,000";"BR-101/SC";"Decrescente";"Queda de moto";0;0;0;0;0;0;0;0;0;0;1;1;0;0;0
"10/02/2024";"08:45:01";"146";"Sem vítima";"400,000";"BR-101/SC";"Crescente";"Colisão transversal";0;0;0;0;0;0;0;0;0;0;3;0;0;0;0
"10/02/2024";"10:25:03";"10";"Sem vítima";"252,000";"BR-101/SC";"Crescente";"Colisão traseira";0;0;0;0;0;0;0;0;0;0;1;0;0;0;0
"11/02/2024";"01:15:03";"16";"Sem vítima";"330,000";"BR-101/SC";"Decrescente";"Choque";0;0;0;0;0;0;0;0;0;0;2;0;0;0;0
"11/02/2024";"03:14:51";"22";"Com vítima";"330,600";"BR-101/SC";"Crescente";"Colisão lateral no mesmo sentido";0;0;0;0;0;0;0;0;0;0;0;0;2;0;0
"11/02/2024";"07:39:36";"46";"Sem vítima";"331,200";"BR-101/SC";"Crescente";"Acidentes de outra natureza";0;0;0;0;0;0;0;0;0;0;2;0;0;0;0
"11/02/2024";"09:51:00";"4";"Sem vítima";"305,000";"BR-101/SC";"Crescente";"Capotamento";0;0;0;0;0;0;0;0;0;0;2;0;0;0;0
"12/02/2024";"08:39:41";"73";"Sem vítima";"413,000";"BR-101/SC";"Decrescente";"Choque";0;0;0;0;0;0;0;0;0;0;1;0;0;0;0
"12/02/2024";"08:45:56";"74";"Sem vítima";"323,000";"BR-101/SC";"Decrescente";"Colisão traseira";0;0;0;0;0;0;0;0;0;0;4;0;0;0;0
"12/02/2024";"02:05:42";"115";"Com vítima";"437,000";"BR-101/SC";"Decrescente";"Capotamento";0;0;0;0;0;0;0;0;0;0;0;1;0;0;0
"12/02/2024";"02:45:54";"118";"Sem vítima";"298,000";"BR-101/SC";"Crescente";"Engavetamento";0;0;0;0;0;0;0;0;0;0;7;0;0;0;0
"12/02/2024";"04:38:46";"131";"Sem vítima";"286,000";"BR-101/SC";"Decrescente";"Choque";0;0;0;0;0;0;0;0;0;0;0;0;0;0;0
"13/02/2024";"03:28:55";"12";"Com vítima";"374,000";"BR-101/SC";"Crescente";"Acidentes de outra natureza";0;0;0;0;0;0;0;0;0;0;0;1;1;0;0
"13/02/2024";"03:29:00";"13";"Com vítima";"398,000";"BR-101/SC";"Crescente";"Colisão traseira";0;0;0;0;0;0;0;0;0;0;2;0;1;0;0
"13/02/2024";"08:07:00";"50";"Sem vítima";"272,500";"BR-101/SC";"Crescente";"Engavetamento";0;0;0;0;0;0;0;0;0;0;5;0;0;0;0
"13/02/2024";"08:51:57";"56";"Sem vítima";"313,000";"BR-101/SC";"Decrescente";"Colisão lateral no mesmo sentido";0;0;0;0;0;0;0;0;0;0;4;0;0;0;0
"13/02/2024";"12:49:40";"80";"Com vítima";"369,000";"BR-101/SC";"Crescente";"Choque";0;0;0;0;0;0;0;0;0;0;2;0;2;0;0
"13/02/2024";"01:29:29";"84";"Sem vítima";"374,300";"BR-101/SC";"Decrescente";"Choque";0;0;0;0;0;0;0;0;0;0;2;0;0;0;0
"13/02/2024";"03:17:01";"94";"Com vítima";"306,700";"BR-101/SC";"Decrescente";"Capotamento";0;0;0;0;0;0;0;0;0;0;0;1;0;1;0
"13/02/2024";"06:14:53";"113";"Sem vítima";"391,000";"BR-101/SC";"Crescente";"Acidentes de outra natureza";0;0;0;0;0;0;0;0;0;0;3;0;0;0;0
"14/02/2024";"02:45:47";"13";"Sem vítima";"335,000";"BR-101/SC";"Crescente";"Capotamento";0;0;0;0;0;0;0;0;0;0;2;0;0;0;0
"14/02/2024";"02:55:02";"15";"Sem vítima";"272,000";"BR-101/SC";"Decrescente";"Acidentes de outra natureza";0;0;0;0;0;0;0;0;0;0;1;0;0;0;0
"14/02/2024";"04:20:44";"41";"Com vítima";"450,200";"BR-101/SC";"Crescente";"Choque";0;0;0;0;0;0;0;0;0;0;0;1;0;0;2
"14/02/2024";"05:43:00";"57";"Sem vítima";"326,450";"BR-101/SC";"Crescente";"Engavetamento";0;0;0;0;0;0;0;0;0;0;8;0;0;0;0
"14/02/2024";"06:27:49";"72";"Sem vítima";"450,100";"BR-101/SC";"Crescente";"Colisão traseira";0;0;0;0;0;0;0;0;0;0;2;0;0;0;0
"14/02/2024";"06:55:44";"78";"Sem vítima";"450,350";"BR-101/SC";"Crescente";"Colisão traseira";0;0;0;0;0;0;0;0;0;0;4;0;0;0;0
"14/02/2024";"07:07:59";"80";"Sem vítima";"335,000";"BR-101/SC";"Decrescente";"Acidentes de outra natureza";0;0;0;0;0;0;0;0;0;0;4;0;0;0;0
"14/02/2024";"07:15:00";"81";"Sem vítima";"271,400";"BR-101/SC";"Crescente";"Acidentes de outra natureza";0;0;0;0;0;0;0;0;0;0;2;0;0;0;0
"14/02/2024";"05:37:38";"149";"Sem vítima";"307,000";"BR-101/SC";"Decrescente";"Colisão traseira";0;0;0;0;0;0;0;0;0;0;2;0;0;0;0
"15/02/2024";"04:17:02";"35";"Sem vítima";"371,000";"BR-101/SC";"Decrescente";"Acidentes de outra natureza";0;0;0;0;0;0;0;0;0;0;3;0;0;0;0
"15/02/2024";"06:47:37";"78";"Com vítima";"377,500";"BR-101/SC";"Crescente";"Acidentes de outra natureza";0;0;0;0;0;0;0;0;0;0;2;1;0;0;0
"15/02/2024";"10:58:00";"114";"Sem vítima";"385,000";"BR-101/SC";"Crescente";"Acidentes de outra natureza";0;0;0;0;0;0;0;0;0;0;1;0;0;0;0
"15/02/2024";"11:58:02";"116";"Sem vítima";"334,000";"BR-101/SC";"Decrescente";"Queda de moto";0;0;0;0;0;0;0;0;0;0;1;0;0;0;0
"15/02/2024";"12:01:42";"118";"Sem vítima";"457,000";"BR-101/SC";"Decrescente";"Colisão traseira";0;0;0;0;0;0;0;0;0;0;1;0;0;0;0
"15/02/2024";"02:05:00";"133";"Com vítima";"396,000";"BR-101/SC";"Decrescente";"Colisão traseira";0;0;0;0;0;0;0;0;0;0;1;0;0;1;0
"15/02/2024";"05:21:33";"155";"Sem vítima";"399,000";"BR-101/SC";"Decrescente";"Colisão lateral no mesmo sentido";0;0;0;0;0;0;0;0;0;0;2;0;0;0;0
"16/02/2024";"05:15:34";"54";"Sem vítima";"344,000";"BR-101/SC";"Decrescente";"Colisão traseira";0;0;0;0;0;0;0;0;0;0;2;0;0;0;0
"16/02/2024";"08:59:00";"91";"Sem vítima";"433,700";"BR-101/SC";"Decrescente";"Colisão traseira";0;0;0;0;0;0;0;0;0;0;2;0;0;0;0
"16/02/2024";"06:45:00";"144";"Sem vítima";"444,000";"BR-101/SC";"Decrescente";"Colisão transversal";0;0;0;0;0;0;0;0;0;0;2;0;0;0;0
"17/02/2024";"09:22:31";"63";"Sem vítima";"337,000";"BR-101/SC";"Decrescente";"Choque";0;0;0;0;0;0;0;0;0;0;2;0;0;0;0
"17/02/2024";"11:18:31";"73";"Sem vítima";"404,000";"BR-101/SC";"Crescente";"Colisão traseira";0;0;0;0;0;0;0;0;0;0;2;0;0;0;0
"17/02/2024";"02:53:11";"87";"Com vítima";"307,300";"BR-101/SC";"Decrescente";"Colisão lateral no mesmo sentido";0;0;0;0;0;0;0;0;0;0;5;0;1;0;0
"17/02/2024";"04:00:44";"96";"Sem vítima";"340,000";"BR-101/SC";"Decrescente";"Choque";0;0;0;0;0;0;0;0;0;0;1;0;0;0;0
"17/02/2024";"09:12:00";"2";"Sem vítima";"369,000";"BR-101/SC";"Decrescente";"Colisão lateral no mesmo sentido";0;0;0;0;0;0;0;0;0;0;3;0;0;0;0
"18/02/2024";"01:49:24";"5";"Com vítima";"428,000";"BR-101/SC";"Crescente";"Capotamento";0;0;0;0;0;0;0;0;0;0;2;0;2;0;0
"18/02/2024";"03:50:00";"11";"Sem vítima";"404,000";"BR-101/SC";"Crescente";"Colisão traseira";0;0;0;0;0;0;0;0;0;0;2;0;0;0;0
"18/02/2024";"05:13:11";"17";"Sem vítima";"439,950";"BR-101/SC";"Decrescente";"Choque";0;0;0;0;0;0;0;0;0;0;1;0;0;0;0
"18/02/2024";"12:35:13";"66";"Sem vítima";"336,000";"BR-101/SC";"Crescente";"Engavetamento";0;0;0;0;0;0;0;0;0;0;5;0;0;0;0
"18/02/2024";"04:47:25";"86";"Sem vítima";"349,000";"BR-101/SC";"Decrescente";"Choque";0;0;0;0;0;0;0;0;0;0;3;0;0;0;0
"18/02/2024";"05:49:11";"87";"Sem vítima";"383,000";"BR-101/SC";"Crescente";"Choque";0;0;0;0;0;0;0;0;0;0;1;0;0;0;0
"18/02/2024";"09:10:00";"2";"Com vítima";"367,000";"BR-101/SC";"Crescente";"Choque";0;0;0;0;0;0;0;0;0;0;0;0;1;0;0
"19/02/2024";"01:49:56";"7";"Com vítima";"264,000";"BR-101/SC";"Decrescente";"Choque";0;0;0;0;0;0;0;0;0;0;1;1;0;0;0
"19/02/2024";"02:35:24";"11";"Com vítima";"406,000";"BR-101/SC";"Decrescente";"Capotamento";0;0;0;0;0;0;0;0;0;0;1;1;0;0;0
"19/02/2024";"06:51:48";"85";"Sem vítima";"371,000";"BR-101/SC";"Decrescente";"Colisão traseira";0;0;0;0;0;0;0;0;0;0;2;0;0;0;0
"19/02/2024";"11:37:00";"105";"Sem vítima";"347,000";"BR-101/SC";"Crescente";"Colisão transversal";0;0;0;0;0;0;0;0;0;0;2;0;0;0;0
"19/02/2024";"01:35:00";"113";"Sem vítima";"340,300";"BR-101/SC";"Crescente";"Saída de pista";0;0;0;0;0;0;0;0;0;0;1;0;0;0;0
"19/02/2024";"07:18:00";"131";"Sem vítima";"392,000";"BR-101/SC";"Crescente";"Choque";0;0;0;0;0;0;0;0;0;0;1;0;0;0;0
"20/02/2024";"12:16:00";"4";"Sem vítima";"359,500";"BR-101/SC";"Crescente";"Acidentes de outra natureza";0;0;0;0;0;0;0;0;0;0;1;0;0;0;0
"20/02/2024";"04:51:00";"26";"Com vítima";"325,800";"BR-101/SC";"Crescente";"Engavetamento";0;0;0;0;0;0;0;0;0;0;2;1;0;0;0
"20/02/2024";"05:32:14";"36";"Sem vítima";"325,800";"BR-101/SC";"Crescente";"Colisão traseira";0;0;0;0;0;0;0;0;0;0;4;0;0;0;0
"20/02/2024";"09:27:51";"92";"Sem vítima";"354,000";"BR-101/SC";"Crescente";"Engavetamento";0;0;0;0;0;0;0;0;0;0;10;0;0;0;0
"21/02/2024";"12:30:02";"6";"Sem vítima";"286,800";"BR-101/SC";"Decrescente";"Saída de pista";0;0;0;0;0;0;0;0;0;0;1;0;0;0;0
"21/02/2024";"05:38:00";"55";"Com vítima";"324,900";"BR-101/SC";"Crescente";"Colisão traseira";0;0;0;0;0;0;0;0;0;0;0;1;2;0;0
"21/02/2024";"04:46:00";"118";"Com vítima";"295,500";"BR-101/SC";"Decrescente";"Colisão traseira";0;0;0;0;0;0;0;0;0;0;1;0;2;0;0
"22/02/2024";"02:59:05";"3";"Com vítima";"290,300";"BR-101/SC";"Crescente";"Queda de moto";0;0;0;0;0;0;0;0;0;0;1;0;1;0;0
"22/02/2024";"05:52:00";"51";"Sem vítima";"375,400";"BR-101/SC";"Decrescente";"Saída de pista";0;0;0;0;0;0;0;0;0;0;2;0;0;0;0
"22/02/2024";"12:51:17";"114";"Sem vítima";"395,000";"BR-101/SC";"Decrescente";"Tombamento";0;0;0;0;0;0;0;0;0;0;1;0;0;0;0
"22/02/2024";"05:31:50";"132";"Sem vítima";"328,000";"BR-101/SC";"Decrescente";"Tombamento";0;0;0;0;0;0;0;0;0;0;1;0;0;0;0
"22/02/2024";"06:24:46";"136";"Sem vítima";"276,000";"BR-101/SC";"Decrescente";"Colisão lateral no mesmo sentido";0;0;0;0;0;0;0;0;0;0;3;0;0;0;0
"22/02/2024";"07:34:12";"140";"Sem vítima";"308,000";"BR-101/SC";"Decrescente";"Colisão lateral no mesmo sentido";0;0;0;0;0;0;0;0;0;0;2;0;0;0;0
"23/02/2024";"10:59:14";"94";"Sem vítima";"286,000";"BR-101/SC";"Decrescente";"Colisão traseira";0;0;0;0;0;0;0;0;0;0;3;0;0;0;0
"23/02/2024";"01:38:14";"126";"Sem vítima";"342,000";"BR-101/SC";"Crescente";"Colisão frontal";0;0;0;0;0;0;0;0;0;0;4;0;0;0;0
"23/02/2024";"02:37:03";"136";"Sem vítima";"337,000";"BR-101/SC";"Decrescente";"Colisão traseira";0;0;0;0;0;0;0;0;0;0;7;0;0;0;0
"24/02/2024";"04:42:00";"39";"Sem vítima";"445,000";"BR-101/SC";"Crescente";"Colisão lateral no mesmo sentido";0;0;0;0;0;0;0;0;0;0;6;0;0;0;0
"24/02/2024";"07:52:00";"87";"Com vítima";"253,150";"BR-101/SC";"Decrescente";"Tombamento";0;0;0;0;0;0;0;0;0;0;0;1;0;0;0
"24/02/2024";"08:35:00";"94";"Sem vítima";"331,540";"BR-101/SC";"Decrescente";"Saída de pista";0;0;0;0;0;0;0;0;0;0;2;0;0;0;0
"24/02/2024";"01:51:00";"124";"Sem vítima";"443,250";"BR-101/SC";"Decrescente";"Colisão traseira";0;0;0;0;0;0;0;0;0;0;3;0;0;0;0
"24/02/2024";"04:52:37";"142";"Sem vítima";"308,000";"BR-101/SC";"Decrescente";"Saída de pista";0;0;0;0;0;0;0;0;0;0;2;0;0;0;0
"24/02/2024";"06:35:00";"147";"Sem vítima";"439,000";"BR-101/SC";"Decrescente";"Colisão traseira";0;0;0;0;0;0;0;0;0;0;6;0;0;0;0
"24/02/2024";"09:50:03";"3";"Com vítima";"460,000";"BR-101/SC";"Crescente";"Queda de moto";0;0;0;0;0;0;0;0;0;0;0;2;0;0;0
"25/02/2024";"12:22:14";"9";"Sem vítima";"380,000";"BR-101/SC";"Decrescente";"Saída de pista";0;0;0;0;0;0;0;0;0;0;1;0;0;0;0
"25/02/2024";"01:09:00";"17";"Sem vítima";"373,800";"BR-101/SC";"Decrescente";"Saída de pista";0;0;0;0;0;0;0;0;0;0;3;0;0;0;0
"25/02/2024";"02:51:54";"24";"Sem vítima";"325,000";"BR-101/SC";"Crescente";"Saída de pista";0;0;0;0;0;0;0;0;0;0;2;0;0;0;0
"25/02/2024";"03:52:36";"27";"Sem vítima";"344,000";"BR-101/SC";"Decrescente";"Choque";0;0;0;0;0;0;0;0;0;0;1;0;0;0;0
"25/02/2024";"04:54:00";"42";"Sem vítima";"339,000";"BR-101/SC";"Decrescente";"Saída de pista";0;0;0;0;0;0;0;0;0;0;2;0;0;0;0
"25/02/2024";"07:58:00";"66";"Sem vítima";"356,200";"BR-101/SC";"Crescente";"Saída de pista";0;0;0;0;0;0;0;0;0;0;2;0;0;0;0
"25/02/2024";"01:15:32";"97";"Sem vítima";"367,100";"BR-101/SC";"Decrescente";"Saída de pista";0;0;0;0;0;0;0;0;0;0;3;0;0;0;0
"25/02/2024";"04:22:00";"113";"Com vítima";"352,000";"BR-101/SC";"Decrescente";"Colisão traseira";0;0;0;0;0;0;0;0;0;0;1;1;0;0;0
"25/02/2024";"08:42:36";"125";"Com vítima";"421,000";"BR-101/SC";"Decrescente";"Queda de moto";0;0;0;0;0;0;0;0;0;0;0;0;1;0;0
"26/02/2024";"12:44:37";"4";"Com vítima";"425,000";"BR-101/SC";"Crescente";"Queda de moto";0;0;0;0;0;0;0;0;0;0;1;1;0;0;0
"26/02/2024";"08:14:29";"52";"Sem vítima";"420,000";"BR-101/SC";"Crescente";"Colisão traseira";0;0;0;0;0;0;0;0;0;0;2;0;0;0;0
"26/02/2024";"10:02:00";"60";"Sem vítima";"304,800";"BR-101/SC";"Crescente";"Choque";0;0;0;0;0;0;0;0;0;0;1;0;0;0;0
"26/02/2024";"11:24:09";"64";"Sem vítima";"344,000";"BR-101/SC";"Crescente";"Colisão traseira";0;0;0;0;0;0;0;0;0;0;5;0;0;0;0
"26/02/2024";"01:19:24";"78";"Sem vítima";"428,000";"BR-101/SC";"Crescente";"Choque";0;0;0;0;0;0;0;0;0;0;1;0;0;0;0
"26/02/2024";"01:22:19";"79";"Sem vítima";"354,000";"BR-101/SC";"Decrescente";"Saída de pista";0;0;0;0;0;0;0;0;0;0;1;0;0;0;0
"26/02/2024";"02:47:00";"88";"Sem vítima";"388,000";"BR-101/SC";"Crescente";"Saída de pista";0;0;0;0;0;0;0;0;0;0;2;0;0;0;0
"26/02/2024";"04:05:56";"92";"Com vítima";"297,000";"BR-101/SC";"Crescente";"Colisão traseira";0;0;0;0;0;0;0;0;0;0;2;1;0;0;0
"27/02/2024";"05:53:00";"45";"Sem vítima";"375,500";"BR-101/SC";"Decrescente";"Saída de pista";0;0;0;0;0;0;0;0;0;0;1;0;0;0;0
"27/02/2024";"10:54:05";"90";"Sem vítima";"333,200";"BR-101/SC";"Crescente";"Queda de moto";0;0;0;0;0;0;0;0;0;0;3;0;0;0;0
"27/02/2024";"02:18:31";"101";"Com vítima";"263,250";"BR-101/SC";"Decrescente";"Colisão lateral no mesmo sentido";0;0;0;0;0;0;0;0;0;0;2;0;1;0;0
"27/02/2024";"02:52:06";"104";"Com vítima";"383,000";"BR-101/SC";"Decrescente";"Queda de moto";0;0;0;0;0;0;0;0;0;0;0;0;1;1;0
"28/02/2024";"04:39:26";"23";"Com vítima";"330,000";"BR-101/SC";"Decrescente";"Queda de moto";0;0;0;0;0;0;0;0;0;0;0;2;0;0;0
"28/02/2024";"05:49:17";"50";"Com vítima";"422,080";"BR-101/SC";"Decrescente";"Colisão traseira";0;0;0;0;0;0;0;0;0;0;0;1;0;0;0
"28/02/2024";"11:39:05";"109";"Sem vítima";"374,500";"BR-101/SC";"Crescente";"Saída de pista";0;0;0;0;0;0;0;0;0;0;3;0;0;0;0
"29/02/2024";"02:28:33";"10";"Com vítima";"283,800";"BR-101/SC";"Crescente";"Colisão traseira";0;0;0;0;0;0;0;0;0;0;1;0;0;0;1