data;horario;n_da_ocorrencia;tipo_de_ocorrencia;km;trecho;sentido;tipo_de_acidente;automovel;bicicleta;caminhao;moto;onibus;outros;tracao_animal;transporte_de_cargas_especiais;trator_maquinas;utilitarios;ilesos;levemente_feridos;moderadamente_feridos;gravemente_feridos;mortos
"29/02/2024";"07:05:31";"164";"Com vítima";"252,850";"BR-101/SC";"Decrescente";"Colisão frontal";0;0;0;0;0;0;0;0;0;0;2;2;1;1;0
"29/02/2024";"10:57:00";"9";"Sem vítima";"397,000";"BR-101/SC";"Crescente";"Capotamento";0;0;0;0;0;0;0;0;0;0;1;0;0;0;0
"01/03/2024";"08:29:00";"87";"Sem vítima";"299,000";"BR-101/SC";"Crescente";"Colisão lateral no mesmo sentido";0;0;0;0;0;0;0;0;0;0;2;0;0;0;0
"01/03/2024";"08:31:09";"88";"Sem vítima";"323,900";"BR-101/SC";"Crescente";"Colisão traseira";0;0;0;0;0;0;0;0;0;0;8;0;0;0;0
"01/03/2024";"09:29:39";"94";"Com vítima";"256,000";"BR-101/SC";"Crescente";"Colisão traseira";0;0;0;0;0;0;0;0;0;0;2;1;0;0;0
"01/03/2024";"01:02:01";"121";"Sem vítima";"306,000";"BR-101/SC";"Decrescente";"Choque";0;0;0;0;0;0;0;0;0;0;1;0;0;0;0
"01/03/2024";"06:27:00";"141";"Sem vítima";"257,000";"BR-101/SC";"Decrescente";"Colisão traseira";0;0;0;0;0;0;0;0;0;0;2;0;0;0;0
"01/03/2024";"07:29:00";"148";"Sem vítima";"413,000";"BR-101/SC";"Decrescente";"Saída de pista";0;0;0;0;0;0;0;0;0;0;1;0;0;0;0
"01/03/2024";"10:23:00";"3";"Sem vítima";"374,000";"BR-101/SC";"Crescente";"Saída de pista";0;0;0;0;0;0;0;0;0;0;1;0;0;0;0
"02/03/2024";"06:00:00";"55";"Com vítima";"374,000";"BR-101/SC";"Crescente";"Colisão traseira";0;0;0;0;0;0;0;0;0;0;1;1;0;0;0
"02/03/2024";"06:58:00";"61";"Sem vítima";"314,500";"BR-101/SC";"Crescente";"Colisão lateral no mesmo sentido";0;0;0;0;0;0;0;0;0;0;3;0;0;0;0
"02/03/2024";"02:44:22";"110";"Sem vítima";"458,000";"BR-101/SC";"Crescente";"Colisão traseira";0;0;0;0;0;0;0;0;0;0;2;0;0;0;0
"02/03/2024";"03:19:00";"112";"Sem vítima";"417,000";"BR-101/SC";"Crescente";"Choque";0;0;0;0;0;0;0;0;0;0;2;0;0;0;0
"02/03/2024";"05:39:00";"120";"Sem vítima";"335,000";"BR-101/SC";"Decrescente";"Saída de pista";0;0;0;0;0;0;0;0;0;0;4;0;0;0;0
"02/03/2024";"05:43:41";"121";"Sem vítima";"400,000";"BR-101/SC";"Crescente";"Queda de moto";0;0;0;0;0;0;0;0;0;0;1;0;0;0;0
"02/03/2024";"08:44:00";"133";"Sem vítima";"364,000";"BR-101/SC";"Crescente";"Queda de moto";0;0;0;0;0;0;0;0;0;0;1;0;0;0;0
"02/03/2024";"10:04:53";"6";"Sem vítima";"453,000";"BR-101/SC";"Crescente";"Colisão frontal";0;0;0;0;0;0;0;0;0;0;5;0;0;0;0
"02/03/2024";"11:10:13";"11";"Sem vítima";"263,000";"BR-101/SC";"Decrescente";"Saída de pista";0;0;0;0;0;0;0;0;0;0;2;0;0;0;0
"03/03/2024";"01:38:20";"89";"Sem vítima";"344,400";"BR-101/SC";"Crescente";"Engavetamento";0;0;0;0;0;0;0;0;0;0;10;0;0;0;0
"03/03/2024";"03:08:10";"95";"Com vítima";"444,000";"BR-101/SC";"Decrescente";"Colisão frontal";0;0;0;0;0;0;0;0;0;0;3;0;1;0;0
"03/03/2024";"05:13:08";"108";"Sem vítima";"344,000";"BR-101/SC";"Crescente";"Saída de pista";0;0;0;0;0;0;0;0;0;0;3;0;0;0;0
"03/03/2024";"05:34:00";"111";"Com vítima";"360,000";"BR-101/SC";"Decrescente";"Queda de moto";0;0;0;0;0;0;0;0;0;0;0;0;1;0;0
"04/03/2024";"02:29:00";"15";"Sem vítima";"382,000";"BR-101/SC";"Crescente";"Saída de pista";0;0;0;0;0;0;0;0;0;0;1;0;0;0;0
"04/03/2024";"03:47:57";"22";"Com vítima";"252,350";"BR-101/SC";"Crescente";"Queda de moto";0;0;0;0;0;0;0;0;0;0;0;1;0;0;0
"04/03/2024";"05:02:02";"55";"Sem vítima";"436,000";"BR-101/SC";"Decrescente";"Saída de pista";0;0;0;0;0;0;0;0;0;0;2;0;0;0;0
"04/03/2024";"07:20:05";"96";"Sem vítima";"378,000";"BR-101/SC";"Decrescente";"Saída de pista";0;0;0;0;0;0;0;0;0;0;1;0;0;0;0
"04/03/2024";"08:46:00";"104";"Sem vítima";"463,000";"BR-101/SC";"Decrescente";"Saída de pista";0;0;0;0;0;0;0;0;0;0;2;0;0;0;0
"04/03/2024";"11:46:04";"118";"Sem vítima";"329,000";"BR-101/SC";"Decrescente";"Engavetamento";0;0;0;0;0;0;0;0;0;0;5;0;0;0;0
"04/03/2024";"12:38:19";"124";"Sem vítima";"329,000";"BR-101/SC";"Decrescente";"Colisão traseira";0;0;0;0;0;0;0;0;0;0;4;0;0;0;0
"04/03/2024";"05:06:01";"138";"Sem vítima";"452,000";"BR-101/SC";"Decrescente";"Choque";0;0;0;0;0;0;0;0;0;0;1;0;0;0;0
"04/03/2024";"05:28:02";"139";"Com vítima";"434,000";"BR-101/SC";"Crescente";"Colisão lateral no mesmo sentido";0;0;0;0;0;0;0;0;0;0;1;0;2;0;0
"04/03/2024";"09:36:00";"2";"Sem vítima";"313,000";"BR-101/SC";"Crescente";"Saída de pista";0;0;0;0;0;0;0;0;0;0;2;0;0;0;0
"04/03/2024";"10:13:32";"4";"Sem vítima";"345,000";"BR-101/SC";"Crescente";"Saída de pista";0;0;0;0;0;0;0;0;0;0;5;0;0;0;0
"05/03/2024";"01:27:10";"6";"Sem vítima";"273,000";"BR-101/SC";"Crescente";"Capotamento";0;0;0;0;0;0;0;0;0;0;1;0;0;0;0
"05/03/2024";"08:29:00";"81";"Sem vítima";"329,000";"BR-101/SC";"Crescente";"Capotamento";0;0;0;0;0;0;0;0;0;0;2;0;0;0;0
"05/03/2024";"09:12:00";"84";"Sem vítima";"327,000";"BR-101/SC";"Crescente";"Colisão traseira";0;0;0;0;0;0;0;0;0;0;3;0;0;0;0
"05/03/2024";"12:19:26";"101";"Sem vítima";"298,000";"BR-101/SC";"Crescente";"Colisão traseira";0;0;0;0;0;0;0;0;0;0;2;0;0;0;0
"06/03/2024";"03:59:00";"11";"Com vítima";"284,060";"BR-101/SC";"Decrescente";"Choque";0;0;0;0;0;0;0;0;0;0;0;1;0;0;0
"06/03/2024";"08:12:48";"70";"Sem vítima";"367,000";"BR-101/SC";"Crescente";"Colisão traseira";0;0;0;0;0;0;0;0;0;0;3;0;0;0;0
"06/03/2024";"04:29:26";"106";"Com vítima";"343,000";"BR-101/SC";"Decrescente";"Saída de pista";0;0;0;0;0;0;0;0;0;0;0;2;1;1;0
"06/03/2024";"11:22:56";"3";"Sem vítima";"441,820";"BR-101/SC";"Crescente";"Atropelamento de animal";0;0;0;0;0;0;0;0;0;0;2;0;0;0;0
"07/03/2024";"04:55:00";"46";"Com vítima";"331,540";"BR-101/SC";"Crescente";"Colisão traseira";0;0;0;0;0;0;0;0;0;0;2;0;1;0;0
"07/03/2024";"05:34:00";"60";"Sem vítima";"330,200";"BR-101/SC";"Crescente";"Engavetamento";0;0;0;0;0;0;0;0;0;0;11;0;0;0;0
"07/03/2024";"07:13:17";"79";"Sem vítima";"416,400";"BR-101/SC";"Crescente";"Colisão traseira";0;0;0;0;0;0;0;0;0;0;5;0;0;0;0
"07/03/2024";"12:59:18";"105";"Com vítima";"312,200";"BR-101/SC";"Decrescente";"Choque";0;0;0;0;0;0;0;0;0;0;0;2;0;0;0
"07/03/2024";"02:09:00";"114";"Sem vítima";"275,000";"BR-101/SC";"Decrescente";"Saída de pista";0;0;0;0;0;0;0;0;0;0;1;0;0;0;0
"07/03/2024";"02:14:48";"115";"Com vítima";"330,000";"BR-101/SC";"Decrescente";"Colisão lateral no mesmo sentido";0;0;0;0;0;0;0;0;0;0;1;1;0;0;0
"07/03/2024";"05:03:30";"124";"Com vítima";"358,000";"BR-101/SC";"Decrescente";"Saída de pista";0;0;0;0;0;0;0;0;0;0;0;1;0;0;0
"08/03/2024";"05:07:28";"58";"Com vítima";"354,000";"BR-101/SC";"Crescente";"Colisão traseira";0;0;0;0;0;0;0;0;0;0;0;1;0;0;0
"08/03/2024";"11:43:18";"124";"Sem vítima";"404,000";"BR-101/SC";"Decrescente";"Choque";0;0;0;0;0;0;0;0;0;0;1;0;0;0;0
"08/03/2024";"01:07:58";"132";"Com vítima";"403,000";"BR-101/SC";"Crescente";"Engavetamento";0;0;0;0;0;0;0;0;0;0;2;0;1;0;0
"08/03/2024";"01:21:42";"136";"Com vítima";"403,000";"BR-101/SC";"Crescente";"Colisão lateral no mesmo sentido";0;0;0;0;0;0;0;0;0;0;1;0;1;0;0
"08/03/2024";"01:40:14";"138";"Sem vítima";"369,000";"BR-101/SC";"Decrescente";"Saída de pista";0;0;0;0;0;0;0;0;0;0;2;0;0;0;0
"08/03/2024";"06:32:45";"158";"Sem vítima";"335,400";"BR-101/SC";"Crescente";"Choque";0;0;0;0;0;0;0;0;0;0;1;0;0;0;0
"08/03/2024";"08:05:00";"166";"Com vítima";"397,000";"BR-101/SC";"Crescente";"Colisão traseira";0;0;0;0;0;0;0;0;0;0;3;0;1;0;0
"08/03/2024";"08:48:00";"168";"Sem vítima";"368,000";"BR-101/SC";"Crescente";"Colisão lateral no mesmo sentido";0;0;0;0;0;0;0;0;0;0;3;0;0;0;0
"09/03/2024";"01:02:23";"6";"Sem vítima";"344,000";"BR-101/SC";"Crescente";"Colisão traseira";0;0;0;0;0;0;0;0;0;0;2;0;0;0;0
"09/03/2024";"02:23:24";"8";"Sem vítima";"362,000";"BR-101/SC";"Decrescente";"Choque";0;0;0;0;0;0;0;0;0;0;1;0;0;0;0
"09/03/2024";"03:25:00";"12";"Sem vítima";"344,200";"BR-101/SC";"Crescente";"Saída de pista";0;0;0;0;0;0;0;0;0;0;1;0;0;0;0
"09/03/2024";"06:18:49";"39";"Com vítima";"315,800";"BR-101/SC";"Decrescente";"Queda de moto";0;0;0;0;0;0;0;0;0;0;0;0;1;0;0
"09/03/2024";"06:34:00";"43";"Sem vítima";"414,950";"BR-101/SC";"Crescente";"Saída de pista";0;0;0;0;0;0;0;0;0;0;1;0;0;0;0
"09/03/2024";"06:53:00";"49";"Sem vítima";"276,000";"BR-101/SC";"Decrescente";"Atropelamento de pedestre";0;0;0;0;0;0;0;0;0;0;1;0;0;0;0
"09/03/2024";"07:28:42";"54";"Sem vítima";"362,000";"BR-101/SC";"Decrescente";"Colisão traseira";0;0;0;0;0;0;0;0;0;0;5;0;0;0;0
"09/03/2024";"04:46:00";"111";"Sem vítima";"330,000";"BR-101/SC";"Decrescente";"Saída de pista";0;0;0;0;0;0;0;0;0;0;1;0;0;0;0
"09/03/2024";"07:28:00";"121";"Com vítima";"290,000";"BR-101/SC";"Crescente";"Saída de pista";0;0;0;0;0;0;0;0;0;0;0;1;0;0;0
"10/03/2024";"11:51:14";"69";"Sem vítima";"413,000";"BR-101/SC";"Crescente";"Saída de pista";0;0;0;0;0;0;0;0;0;0;1;0;0;0;0
"10/03/2024";"03:36:11";"92";"Com vítima";"321,000";"BR-101/SC";"Crescente";"Queda de moto";0;0;0;0;0;0;0;0;0;0;0;0;1;0;0
"11/03/2024";"11:38:52";"106";"Sem vítima";"436,000";"BR-101/SC";"Decrescente";"Colisão lateral no mesmo sentido";0;0;0;0;0;0;0;0;0;0;3;0;0;0;0
"12/03/2024";"04:50:48";"33";"Sem vítima";"254,000";"BR-101/SC";"Decrescente";"Saída de pista";0;0;0;0;0;0;0;0;0;0;1;0;0;0;0
"12/03/2024";"08:05:45";"84";"Sem vítima";"350,000";"BR-101/SC";"Crescente";"Colisão traseira";0;0;0;0;0;0;0;0;0;0;4;0;0;0;0
"12/03/2024";"09:16:14";"93";"Sem vítima";"366,000";"BR-101/SC";"Crescente";"Engavetamento";0;0;0;0;0;0;0;0;0;0;9;0;0;0;0
"12/03/2024";"10:55:29";"101";"Sem vítima";"416,000";"BR-101/SC";"Decrescente";"Colisão lateral no mesmo sentido";0;0;0;0;0;0;0;0;0;0;2;0;0;0;0
"12/03/2024";"11:13:00";"107";"Sem vítima";"346,000";"BR-101/SC";"Crescente";"Capotamento";0;0;0;0;0;0;0;0;0;0;1;0;0;0;0
"12/03/2024";"12:00:11";"113";"Sem vítima";"356,310";"BR-101/SC";"Crescente";"Saída de pista";0;0;0;0;0;0;0;0;0;0;1;0;0;0;0
"12/03/2024";"01:23:29";"126";"Com vítima";"328,700";"BR-101/SC";"Crescente";"Choque";0;0;0;0;0;0;0;0;0;0;1;2;2;0;0
"12/03/2024";"01:36:35";"127";"Com vítima";"317,100";"BR-101/SC";"Crescente";"Queda de moto";0;0;0;0;0;0;0;0;0;0;0;2;0;0;0
"12/03/2024";"08:17:24";"157";"Com vítima";"357,000";"BR-101/SC";"Decrescente";"Colisão lateral no mesmo sentido";0;0;0;0;0;0;0;0;0;0;0;1;0;0;0
"12/03/2024";"10:37:43";"5";"Sem vítima";"333,000";"BR-101/SC";"Crescente";"Saída de pista";0;0;0;0;0;0;0;0;0;0;1;0;0;0;0
"13/03/2024";"09:45:32";"119";"Sem vítima";"404,000";"BR-101/SC";"Decrescente";"Choque";0;0;0;0;0;0;0;0;0;0;1;0;0;0;0
"13/03/2024";"05:30:46";"175";"Sem vítima";"429,000";"BR-101/SC";"Crescente";"Choque";0;0;0;0;0;0;0;0;0;0;1;0;0;0;0
"13/03/2024";"08:05:33";"182";"Com vítima";"345,800";"BR-101/SC";"Decrescente";"Capotamento";0;0;0;0;0;0;0;0;0;0;0;0;1;0;0
"13/03/2024";"09:29:02";"1";"Com vítima";"374,000";"BR-101/SC";"Decrescente";"Saída de pista";0;0;0;0;0;0;0;0;0;0;0;1;0;0;0
"13/03/2024";"11:46:15";"2";"Sem vítima";"420,100";"BR-101/SC";"Decrescente";"Saída de pista";0;0;0;0;0;0;0;0;0;0;1;0;0;0;0
"14/03/2024";"04:41:21";"55";"Com vítima";"350,000";"BR-101/SC";"Decrescente";"Capotamento";0;0;0;0;0;0;0;0;0;0;0;1;0;0;0
"14/03/2024";"08:23:48";"120";"Sem vítima";"331,200";"BR-101/SC";"Crescente";"Colisão traseira";0;0;0;0;0;0;0;0;0;0;2;0;0;0;0
"14/03/2024";"10:07:18";"134";"Sem vítima";"305,800";"BR-101/SC";"Decrescente";"Saída de pista";0;0;0;0;0;0;0;0;0;0;1;0;0;0;0
"14/03/2024";"10:14:00";"136";"Com vítima";"360,000";"BR-101/SC";"Decrescente";"Saída de pista";0;0;0;0;0;0;0;0;0;0;0;2;0;0;0
"14/03/2024";"11:20:00";"144";"Sem vítima";"330,000";"BR-101/SC";"Decrescente";"Colisão traseira";0;0;0;0;0;0;0;0;0;0;3;0;0;0;0
"15/03/2024";"05:16:00";"52";"Sem vítima";"376,800";"BR-101/SC";"Crescente";"Saída de pista";0;0;0;0;0;0;0;0;0;0;4;0;0;0;0
"15/03/2024";"07:01:00";"80";"Sem vítima";"374,220";"BR-101/SC";"Decrescente";"Colisão traseira";0;0;0;0;0;0;0;0;0;0;2;0;0;0;0
"15/03/2024";"07:13:16";"81";"Sem vítima";"298,000";"BR-101/SC";"Crescente";"Colisão traseira";0;0;0;0;0;0;0;0;0;0;2;0;0;0;0
"15/03/2024";"08:07:19";"87";"Sem vítima";"245,000";"BR-101/SC";"Crescente";"Choque";0;0;0;0;0;0;0;0;0;0;1;0;0;0;0
"15/03/2024";"07:45:39";"154";"Com vítima";"252,500";"BR-101/SC";"Crescente";"Colisão transversal";0;0;0;0;0;0;0;0;0;0;2;0;0;1;0
"16/03/2024";"12:47:00";"67";"Sem vítima";"246,000";"BR-101/SC";"Decrescente";"Saída de pista";0;0;0;0;0;0;0;0;0;0;2;0;0;0;0
"16/03/2024";"01:54:00";"75";"Sem vítima";"332,000";"BR-101/SC";"Crescente";"Choque";0;0;0;0;0;0;0;0;0;0;1;0;0;0;0
"16/03/2024";"02:46:00";"83";"Sem vítima";"317,000";"BR-101/SC";"Decrescente";"Choque";0;0;0;0;0;0;0;0;0;0;4;0;0;0;0
"16/03/2024";"07:51:27";"111";"Sem vítima";"282,000";"BR-101/SC";"Decrescente";"Colisão transversal";0;0;0;0;0;0;0;0;0;0;2;0;0;0;0
"16/03/2024";"10:28:00";"11";"Sem vítima";"327,000";"BR-101/SC";"Crescente";"Saída de pista";0;0;0;0;0;0;0;0;0;0;2;0;0;0;0
"17/03/2024";"12:46:19";"87";"Sem vítima";"340,000";"BR-101/SC";"Crescente";"Saída de pista";0;0;0;0;0;0;0;0;0;0;1;0;0;0;0
"17/03/2024";"04:12:00";"104";"Com vítima";"420,000";"BR-101/SC";"Crescente";"Atropelamento de animal";0;0;0;0;0;0;0;0;0;0;0;1;0;0;0
"17/03/2024";"04:55:30";"110";"Sem vítima";"334,000";"BR-101/SC";"Crescente";"Colisão transversal";0;0;0;0;0;0;0;0;0;0;6;0;0;0;0
"17/03/2024";"05:04:56";"111";"Sem vítima";"331,000";"BR-101/SC";"Crescente";"Colisão traseira";0;0;0;0;0;0;0;0;0;0;2;0;0;0;0
"18/03/2024";"04:16:45";"30";"Sem vítima";"415,000";"BR-101/SC";"Decrescente";"Colisão traseira";0;0;0;0;0;0;0;0;0;0;1;0;0;0;0
"18/03/2024";"08:33:35";"171";"Com vítima";"322,000";"BR-101/SC";"Decrescente";"Choque";0;0;0;0;0;0;0;0;0;0;0;1;0;0;0
"18/03/2024";"10:33:05";"7";"Com vítima";"372,000";"BR-101/SC";"Crescente";"Capotamento";0;0;0;0;0;0;0;0;0;0;0;1;0;0;0
"19/03/2024";"06:57:03";"116";"Sem vítima";"381,900";"BR-101/SC";"Crescente";"Colisão traseira";0;0;0;0;0;0;0;0;0;0;3;0;0;0;0
"19/03/2024";"11:51:36";"153";"Sem vítima";"262,100";"BR-101/SC";"Decrescente";"Saída de pista";0;0;0;0;0;0;0;0;0;0;1;0;0;0;0
"19/03/2024";"12:41:26";"160";"Com vítima";"381,000";"BR-101/SC";"Crescente";"Engavetamento";0;0;0;0;0;0;0;0;0;0;2;0;0;1;0
"19/03/2024";"12:48:36";"164";"Com vítima";"416,000";"BR-101/SC";"Decrescente";"Engavetamento";0;0;0;0;0;0;0;0;0;0;2;1;0;0;0
"19/03/2024";"01:27:00";"169";"Sem vítima";"319,000";"BR-101/SC";"Decrescente";"Saída de pista";0;0;0;0;0;0;0;0;0;0;1;0;0;0;0
"19/03/2024";"03:45:51";"180";"Com vítima";"434,000";"BR-101/SC";"Decrescente";"Queda de moto";0;0;0;0;0;0;0;0;0;0;3;0;1;0;0
"19/03/2024";"04:30:00";"185";"Sem vítima";"376,000";"BR-101/SC";"Crescente";"Tombamento";0;0;0;0;0;0;0;0;0;0;1;0;0;0;0
"20/03/2024";"12:00:27";"10";"Sem vítima";"374,000";"BR-101/SC";"Decrescente";"Saída de pista";0;0;0;0;0;0;0;0;0;0;1;0;0;0;0
"20/03/2024";"04:19:45";"66";"Com vítima";"329,150";"BR-101/SC";"Crescente";"Colisão traseira";0;0;0;0;0;0;0;0;0;0;3;0;1;0;0
"20/03/2024";"04:32:46";"52";"Sem vítima";"329,100";"BR-101/SC";"Crescente";"Saída de pista";0;0;0;0;0;0;0;0;0;0;2;0;0;0;0
"20/03/2024";"05:08:00";"65";"Com vítima";"254,500";"BR-101/SC";"Crescente";"Queda de moto";0;0;0;0;0;0;0;0;0;0;0;0;1;0;0
"20/03/2024";"05:48:00";"78";"Sem vítima";"327,300";"BR-101/SC";"Crescente";"Colisão traseira";0;0;0;0;0;0;0;0;0;0;3;0;0;0;0
"20/03/2024";"06:06:29";"82";"Sem vítima";"298,000";"BR-101/SC";"Crescente";"Colisão traseira";0;0;0;0;0;0;0;0;0;0;0;0;0;0;0
"20/03/2024";"12:50:44";"130";"Sem vítima";"405,000";"BR-101/SC";"Decrescente";"Colisão traseira";0;0;0;0;0;0;0;0;0;0;4;0;0;0;0
"20/03/2024";"04:22:57";"151";"Sem vítima";"402,000";"BR-101/SC";"Decrescente";"Saída de pista";0;0;0;0;0;0;0;0;0;0;1;0;0;0;0
"20/03/2024";"05:44:31";"158";"Sem vítima";"388,000";"BR-101/SC";"Crescente";"Saída de pista";0;0;0;0;0;0;0;0;0;0;1;0;0;0;0
"20/03/2024";"07:44:17";"163";"Sem vítima";"366,500";"BR-101/SC";"Crescente";"Tombamento";0;0;0;0;0;0;0;0;0;0;1;0;0;0;0
"20/03/2024";"08:23:00";"166";"Sem vítima";"330,000";"BR-101/SC";"Crescente";"Colisão traseira";0;0;0;0;0;0;0;0;0;0;2;0;0;0;0
"21/03/2024";"03:21:47";"16";"Sem vítima";"298,000";"BR-101/SC";"Crescente";"Choque";0;0;0;0;0;0;0;0;0;0;0;0;0;0;0
"21/03/2024";"08:11:49";"96";"Sem vítima";"344,000";"BR-101/SC";"Crescente";"Choque";0;0;0;0;0;0;0;0;0;0;1;0;0;0;0
"21/03/2024";"02:26:00";"132";"Com vítima";"380,000";"BR-101/SC";"Decrescente";"Colisão traseira";0;0;0;0;0;0;0;0;0;0;0;0;1;0;0
"21/03/2024";"05:08:00";"142";"Sem vítima";"405,000";"BR-101/SC";"Decrescente";"Saída de pista";0;0;0;0;0;0;0;0;0;0;1;0;0;0;0
"21/03/2024";"06:03:00";"149";"Sem vítima";"339,000";"BR-101/SC";"Decrescente";"Choque";0;0;0;0;0;0;0;0;0;0;1;0;0;0;0
"22/03/2024";"04:14:20";"39";"Com vítima";"416,000";"BR-101/SC";"Crescente";"Colisão lateral no mesmo sentido";0;0;0;0;0;0;0;0;0;0;0;0;1;0;0
"22/03/2024";"08:46:00";"138";"Sem vítima";"369,000";"BR-101/SC";"Crescente";"Saída de pista";0;0;0;0;0;0;0;0;0;0;2;0;0;0;0
"22/03/2024";"10:29:09";"146";"Sem vítima";"273,100";"BR-101/SC";"Decrescente";"Choque";0;0;0;0;0;0;0;0;0;0;1;0;0;0;0
"22/03/2024";"10:38:28";"149";"Sem vítima";"394,000";"BR-101/SC";"Crescente";"Colisão traseira";0;0;0;0;0;0;0;0;0;0;2;0;0;0;0
"22/03/2024";"11:26:35";"159";"Sem vítima";"276,100";"BR-101/SC";"Crescente";"Colisão lateral no mesmo sentido";0;0;0;0;0;0;0;0;0;0;3;0;0;0;0
"22/03/2024";"02:02:00";"179";"Sem vítima";"266,000";"BR-101/SC";"Decrescente";"Engavetamento";0;0;0;0;0;0;0;0;0;0;7;0;0;0;0
"22/03/2024";"10:06:56";"5";"Sem vítima";"381,230";"BR-101/SC";"Crescente";"Saída de pista";0;0;0;0;0;0;0;0;0;0;1;0;0;0;0
"23/03/2024";"06:37:08";"64";"Sem vítima";"401,000";"BR-101/SC";"Crescente";"Colisão traseira";0;0;0;0;0;0;0;0;0;0;3;0;0;0;0
"23/03/2024";"09:10:21";"1";"Sem vítima";"419,000";"BR-101/SC";"Decrescente";"Colisão traseira";0;0;0;0;0;0;0;0;0;0;2;0;0;0;0
"23/03/2024";"11:08:46";"7";"Sem vítima";"323,000";"BR-101/SC";"Crescente";"Choque";0;0;0;0;0;0;0;0;0;0;1;0;0;0;0
"24/03/2024";"04:26:00";"35";"Sem vítima";"272,000";"BR-101/SC";"Crescente";"Choque";0;0;0;0;0;0;0;0;0;0;2;0;0;0;0
"24/03/2024";"01:12:00";"93";"Sem vítima";"349,000";"BR-101/SC";"Crescente";"Colisão traseira";0;0;0;0;0;0;0;0;0;0;1;0;0;0;0
"24/03/2024";"08:41:03";"124";"Sem vítima";"262,000";"BR-101/SC";"Crescente";"Tombamento";0;0;0;0;0;0;0;0;0;0;1;0;0;0;0
"25/03/2024";"05:02:00";"36";"Sem vítima";"338,400";"BR-101/SC";"Crescente";"Engavetamento";0;0;0;0;0;0;0;0;0;0;3;0;0;0;0
"25/03/2024";"08:01:21";"82";"Sem vítima";"304,000";"BR-101/SC";"Crescente";"Colisão traseira";0;0;0;0;0;0;0;0;0;0;2;0;0;0;0
"25/03/2024";"10:49:04";"90";"Sem vítima";"379,000";"BR-101/SC";"Crescente";"Colisão traseira";0;0;0;0;0;0;0;0;0;0;4;0;0;0;0
"25/03/2024";"12:35:01";"108";"Sem vítima";"298,000";"BR-101/SC";"Decrescente";"Colisão traseira";0;0;0;0;0;0;0;0;0;0;3;0;0;0;0
"25/03/2024";"04:41:54";"130";"Sem vítima";"333,800";"BR-101/SC";"Decrescente";"Colisão transversal";0;0;0;0;0;0;0;0;0;0;2;0;0;0;0
"25/03/2024";"09:31:11";"1";"Sem vítima";"326,300";"BR-101/SC";"Crescente";"Capotamento";0;0;0;0;0;0;0;0;0;0;2;0;0;0;0
"26/03/2024";"07:57:07";"80";"Sem vítima";"344,000";"BR-101/SC";"Crescente";"Colisão traseira";0;0;0;0;0;0;0;0;0;0;4;0;0;0;0
"26/03/2024";"08:11:40";"81";"Sem vítima";"314,000";"BR-101/SC";"Crescente";"Colisão traseira";0;0;0;0;0;0;0;0;0;0;5;0;0;0;0
"26/03/2024";"03:52:00";"132";"Sem vítima";"377,000";"BR-101/SC";"Crescente";"Colisão traseira";0;0;0;0;0;0;0;0;0;0;2;0;0;0;0
"27/03/2024";"05:10:52";"64";"Sem vítima";"416,000";"BR-101/SC";"Crescente";"Colisão traseira";0;0;0;0;0;0;0;0;0;0;1;0;0;0;0
"27/03/2024";"12:05:40";"143";"Sem vítima";"256,000";"BR-101/SC";"Decrescente";"Saída de pista";0;0;0;0;0;0;0;0;0;0;1;0;0;0;0
"27/03/2024";"01:48:06";"153";"Sem vítima";"401,980";"BR-101/SC";"Crescente";"Choque";0;0;0;0;0;0;0;0;0;0;1;0;0;0;0
"27/03/2024";"10:17:37";"5";"Sem vítima";"255,000";"BR-101/SC";"Crescente";"Colisão traseira";0;0;0;0;0;0;0;0;0;0;2;0;0;0;0
"27/03/2024";"11:32:00";"8";"Sem vítima";"315,000";"BR-101/SC";"Crescente";"Choque";0;0;0;0;0;0;0;0;0;0;1;0;0;0;0
"28/03/2024";"09:08:22";"113";"Com vítima";"386,000";"BR-101/SC";"Crescente";"Colisão traseira";0;0;0;0;0;0;0;0;0;0;1;1;0;0;0
"28/03/2024";"05:03:24";"166";"Com vítima";"310,000";"BR-101/SC";"Decrescente";"Colisão traseira";0;0;0;0;0;0;0;0;0;0;1;0;0;0;1